NR_VOTAVEL,DS_CARGO,NM_VOTAVEL,QT_VOTOS
10,DEPUTADO FEDERAL,REPUBLICANOS,3720
11,DEPUTADO FEDERAL,PROGRESSISTAS,6135
12,DEPUTADO FEDERAL,Partido DemocrÃ¡tico Trabalhista,25185
13,DEPUTADO FEDERAL,Partido dos Trabalhadores,91245
14,DEPUTADO FEDERAL,Partido Trabalhista Brasileiro,7395
15,DEPUTADO FEDERAL,Movimento DemocrÃ¡tico Brasileiro,6762
16,DEPUTADO FEDERAL,Partido Socialista dos Trabalhadores Unificado,1282
18,DEPUTADO FEDERAL,Rede Sustentabilidade,1495
19,DEPUTADO FEDERAL,Podemos,2671
20,DEPUTADO FEDERAL,Partido Social CristÃ£o,1799
21,DEPUTADO FEDERAL,Partido Comunista Brasileiro,2940
22,DEPUTADO FEDERAL,Partido Liberal,89834
23,DEPUTADO FEDERAL,Cidadania,2619
27,DEPUTADO FEDERAL,Democracia CristÃ£,981
28,DEPUTADO FEDERAL,Partido Renovador Trabalhista Brasileiro,1085
29,DEPUTADO FEDERAL,Partido da Causa OperÃ¡ria,390
30,DEPUTADO FEDERAL,Partido Novo,21141
33,DEPUTADO FEDERAL,Partido da MobilizaÃ§Ã£o Nacional,1856
35,DEPUTADO FEDERAL,Partido da Mulher Brasileira,753
36,DEPUTADO FEDERAL,AGIR,1507
40,DEPUTADO FEDERAL,Partido Socialista Brasileiro,10598
43,DEPUTADO FEDERAL,Partido Verde,1989
44,DEPUTADO FEDERAL,UNIÃO BRASIL,10152
45,DEPUTADO FEDERAL,Partido da Social Democracia Brasileira,3890
50,DEPUTADO FEDERAL,Partido Socialismo e Liberdade,12189
51,DEPUTADO FEDERAL,Patriota,3067
55,DEPUTADO FEDERAL,Partido Social DemocrÃ¡tico,8877
65,DEPUTADO FEDERAL,Partido Comunista do Brasil,2009
70,DEPUTADO FEDERAL,AVANTE,1130
77,DEPUTADO FEDERAL,Solidariedade,4047
90,DEPUTADO FEDERAL,Partido Republicano da Ordem Social,1890
95,DEPUTADO FEDERAL,VOTO BRANCO,616380
96,DEPUTADO FEDERAL,VOTO NULO,600046
1000,DEPUTADO FEDERAL,MARCELO BEZERRA CRIVELLA,110450
1001,DEPUTADO FEDERAL,LUIZ ANTONIO RODRIGUES VIEIRA,2254
1002,DEPUTADO FEDERAL,THIAGO DE OLIVEIRA XAVIER ROCHA,3021
1003,DEPUTADO FEDERAL,ARLEAN GOMES BUENO,974
1004,DEPUTADO FEDERAL,PEDRO FERNANDO DE SOUZA ALVES,6286
1006,DEPUTADO FEDERAL,ANTONIO AUGUSTO CRUZ RIBEIRO JUNIOR,3870
1007,DEPUTADO FEDERAL,EDUARDO RIBEIRO DA SILVA,5244
1008,DEPUTADO FEDERAL,ANTONIA FONTENELE DE BRITO,30975
1010,DEPUTADO FEDERAL,LUIS CARLOS GOMES DA SILVA,57670
1011,DEPUTADO FEDERAL,JORGE BRAZ DE OLIVEIRA,59201
1012,DEPUTADO FEDERAL,MARCIO JOSE CORREA ALVES,4397
1013,DEPUTADO FEDERAL,LUCIANA MARTINS CALACA,1321
1015,DEPUTADO FEDERAL,EZEQUIEL DOMINGUES LOURENÃO,2154
1016,DEPUTADO FEDERAL,EDUARDO TORRES DE LEMOS,1992
1017,DEPUTADO FEDERAL,ALCIO PEREIRA,1639
1019,DEPUTADO FEDERAL,MONICA GERMANO CURY DE SOUZA,594
1020,DEPUTADO FEDERAL,JOSÃ MARQUES ANDRÃ NETO,5168
1021,DEPUTADO FEDERAL,SANDOCLEY QUEIROZ DE AZEVEDO,450
1022,DEPUTADO FEDERAL,ANTONIO MARCOS PAPINHA DA SILVA,3241
1023,DEPUTADO FEDERAL,ANTONIO LUIZ DE OLIVEIRA,933
1026,DEPUTADO FEDERAL,MARCIA RAMOS GOMES,65
1027,DEPUTADO FEDERAL,ANDREA MARIA DE FARIA ANTUNES,1734
1030,DEPUTADO FEDERAL,IVAN DA PONTE RABELLO,831
1033,DEPUTADO FEDERAL,ROSANGELA DE SOUZA GOMES,76292
1038,DEPUTADO FEDERAL,NAYARA GILDA GOMES ACHA PRESTES,1419
1042,DEPUTADO FEDERAL,MARIA EMILIA DE OLIVEIRA FERNANDES VOSS,364
1043,DEPUTADO FEDERAL,CRISTIANE ANDRADE VIANA,1083
1044,DEPUTADO FEDERAL,MARTHA DOS SANTOS CARDOSO,2451
1045,DEPUTADO FEDERAL,MARCIO DE CARVALHO MACHADO,4671
1047,DEPUTADO FEDERAL,ANDREA LOURIÃAL FIRMO DE ARAUJO,923
1051,DEPUTADO FEDERAL,WILLIAM OLINDA SODRÃ,1190
1055,DEPUTADO FEDERAL,JULIO DA SILVA GONÃALVES OLIVEIRA,3306
1056,DEPUTADO FEDERAL,ELIMAR MÃXIMO DAMASCENO,1480
1057,DEPUTADO FEDERAL,PAULO CESAR ALVES DOS SANTOS,1412
1060,DEPUTADO FEDERAL,PAULO CESAR MARTINEZ Y ALONSO,636
1066,DEPUTADO FEDERAL,RICARDO MAGALHÃES GARCIA GUTIERREZ,8714
1068,DEPUTADO FEDERAL,CATIA MARIA FONSECA DA CRUZ,1388
1072,DEPUTADO FEDERAL,LUCIANA DIAS HENRIQUE DOS SANTOS,145
1074,DEPUTADO FEDERAL,SEBASTIÃO DA COSTA CANDIDO,1106
1077,DEPUTADO FEDERAL,ALBERTINO ALVES PEREIRA JUNIOR,53250
1078,DEPUTADO FEDERAL,ELIANE VIANA JORDAO FERNANDES,2497
1081,DEPUTADO FEDERAL,JOÃO CARLOS LUIZ VAZ MARQUES LEZIRIA,2070
1082,DEPUTADO FEDERAL,MARTEM SARMENTO MATOSO,558
1088,DEPUTADO FEDERAL,EDUARDO FERREIRA DE OLIVEIRA,17347
1091,DEPUTADO FEDERAL,BRUNO DA SILVA NASCIMENTO,2062
1099,DEPUTADO FEDERAL,LEONARDO BRASIL DO ROZARIO,1782
1100,DEPUTADO FEDERAL,MARCELO ANDRÃ CID HERÃCLITO DO PORTO QUEIROZ,73728
1101,DEPUTADO FEDERAL,ARTHUR PEDRO DA SILVA COSTA,1122
1104,DEPUTADO FEDERAL,LEANDRO DE SOUZA CAVALIERI VALLE,714
1108,DEPUTADO FEDERAL,ZILMARA BRANDAO DA SILVA,2104
1110,DEPUTADO FEDERAL,MÃNICA PAULA DOS SANTOS FERNANDES,724
1111,DEPUTADO FEDERAL,JULIO LUIZ BAPTISTA LOPES,50019
1112,DEPUTADO FEDERAL,JORGE LUIZ LIMA RANGEL,2985
1113,DEPUTADO FEDERAL,FRANCISCO CARLOS DE FARIAS,1474
1115,DEPUTADO FEDERAL,VALÃRIA BAILÃO MELO,516
1117,DEPUTADO FEDERAL,GLAUCIA MARIA BRENNY,1808
1118,DEPUTADO FEDERAL,ALEXANDRA OLIVEIRA MENEZES,3263
1120,DEPUTADO FEDERAL,PAULO HENRIQUE BRAZ DA COSTA,997
1121,DEPUTADO FEDERAL,ATAIDE FIGUEIRA CARNEIRO JUNIOR,3209
1122,DEPUTADO FEDERAL,FELICIO LATERÃA DE ALMEIDA,39581
1123,DEPUTADO FEDERAL,CINTIA ALVES SALGUEIRO SAVELLI,1794
1125,DEPUTADO FEDERAL,ROBERTO  DE SOUZA EMIDIO,8284
1127,DEPUTADO FEDERAL,LUIZ ANTONIO DA COSTA CARVALHO CORREA DA SILVA,43937
1131,DEPUTADO FEDERAL,JANE LOUISE RODRIGUES SOUZA,1083
1132,DEPUTADO FEDERAL,CLEBER ANTONIO DA SILVA,2874
1133,DEPUTADO FEDERAL,DANILO CASSANE SOARES,7953
1135,DEPUTADO FEDERAL,ANTONIO CARLOS DOS SANTOS RIBEIRO,331
1138,DEPUTADO FEDERAL,ANDRE LUIS SILVA DE MIRANDA,553
1140,DEPUTADO FEDERAL,CAROLINE MIDORI DA COSTA SILVA,10436
1143,DEPUTADO FEDERAL,LEANDRO FRANCISCO MACHADO NEVES,1210
1144,DEPUTADO FEDERAL,ELIZABETH PATRICIA LAGE,475
1145,DEPUTADO FEDERAL,JANIO COSENDEY NUNES,352
1147,DEPUTADO FEDERAL,RENEIDA DOS SANTOS DA SILVA,326
1150,DEPUTADO FEDERAL,ROBERTO SANT ANA BARROSO,1376
1151,DEPUTADO FEDERAL,DEYSON BAPTISTA THOMÃ,502
1153,DEPUTADO FEDERAL,ANDERSON MELLO VILELA,1075
1154,DEPUTADO FEDERAL,SERGIO RICARDO FERREIRA,483
1155,DEPUTADO FEDERAL,CHRISTINO AUREO DA SILVA,27300
1160,DEPUTADO FEDERAL,LUIZ FERNANDO DUARTE CORREA,667
1166,DEPUTADO FEDERAL,ELIANE DE CASTRO MORAES,2124
1168,DEPUTADO FEDERAL,ROSIMAR DA SILVA FERRAZ MEDEIROS,429
1169,DEPUTADO FEDERAL,CARLOS DARCY ALVES BERSOT,237
1172,DEPUTADO FEDERAL,JORGE SANTANA QUEIROZ,1153
1173,DEPUTADO FEDERAL,IRONILSON BARROS DINIZ,540
1176,DEPUTADO FEDERAL,IVÃNIA DAS GRAÃAS MARTINS,459
1177,DEPUTADO FEDERAL,LUIZ ANTONIO DE SOUZA TEIXEIRA JUNIOR,190071
1178,DEPUTADO FEDERAL,CARLA ANTUNES MARINS PEREIRA,127
1180,DEPUTADO FEDERAL,PEDRO AUGUSTO PALARETI,21790
1188,DEPUTADO FEDERAL,MARCELLO MORAES  SICILIANO,21104
1189,DEPUTADO FEDERAL,LOURIVAL GOMES DE ALMEIDA,27602
1193,DEPUTADO FEDERAL,ROBERTO ROBADEY COSTA JUNIOR,3022
1196,DEPUTADO FEDERAL,PATRICIA MACHADO ORSI,217
1199,DEPUTADO FEDERAL,HAROLDO VICTORIANO BUNN,2122
1200,DEPUTADO FEDERAL,ALENCAR DACIOLO FONSECA DOS SANTOS,6384
1201,DEPUTADO FEDERAL,ORLANDO ZACCONE DELIA FILHO,3123
1202,DEPUTADO FEDERAL,DAVI DOS SANTOS SOUZA,4655
1203,DEPUTADO FEDERAL,JOSE MANOEL DE LIMA,255
1205,DEPUTADO FEDERAL,HELIO AFONSO SILVA,3012
1208,DEPUTADO FEDERAL,SYLVIO ALEXANDRE GOUVEA,267
1210,DEPUTADO FEDERAL,FRANCISCO JOSE D ANGELO,22782
1211,DEPUTADO FEDERAL,ANDRE LUIZ MONICA E SILVA,13720
1212,DEPUTADO FEDERAL,DAVID MICHAEL DOS SANTOS MIRANDA,2700
1213,DEPUTADO FEDERAL,RAIMUNDO EMILIANO VIEIRA,1151
1214,DEPUTADO FEDERAL,CARLOS ALBERTO CUNHA CRUZ,706
1216,DEPUTADO FEDERAL,MARCOS PAULO BARBOSA TAVARES,62086
1217,DEPUTADO FEDERAL,ESLEY RODRIGUES DE JESUS TEIXEIRA,1032
1218,DEPUTADO FEDERAL,CARLOS JESUS ONTIVEROS GUARDIA,2380
1220,DEPUTADO FEDERAL,RIVERTON MUSSI RAMOS,10519
1221,DEPUTADO FEDERAL,ANICET OKINGA,1715
1222,DEPUTADO FEDERAL,MIRO TEIXEIRA,20805
1223,DEPUTADO FEDERAL,DALMAR LIRIO MAZINHO DE ALMEIDA FILHO,12587
1224,DEPUTADO FEDERAL,MARISTELA GAIO FIGUEIRA,233
1225,DEPUTADO FEDERAL,ANTONIO MARCOS RODRIGUES PIRES,1824
1226,DEPUTADO FEDERAL,SIMONE PEREIRA DA SILVA,728
1228,DEPUTADO FEDERAL,KATIA REGINA DA SILVA SANTOS,258
1232,DEPUTADO FEDERAL,ELIANE DE OLIVEIRA PIRES,561
1235,DEPUTADO FEDERAL,MOISES DA SILVA BOECHAT,1859
1236,DEPUTADO FEDERAL,LUIZ CARLOS ANDRADE DE SOUZA,2377
1239,DEPUTADO FEDERAL,MARIA HELENA VIEIRA MARTINS,149
1242,DEPUTADO FEDERAL,LORENA CRISTINE SILVA SANTOS,537
1244,DEPUTADO FEDERAL,WAGNER PAULO CORREA AVELLAR,809
1245,DEPUTADO FEDERAL,RENATO FERREIRA DE OLIVEIRA CARIELLO,19230
1250,DEPUTADO FEDERAL,CLAUDIO JOSE DE OLIVEIRA,1967
1251,DEPUTADO FEDERAL,ELAINE SANTOS DE OLIVEIRA,280
1255,DEPUTADO FEDERAL,WOLUSTON GOMES CELESTINO,8455
1256,DEPUTADO FEDERAL,JORGE ROSA DA SILVA,550
1258,DEPUTADO FEDERAL,ANDREA DE MELLO VIEIRA SIQUEIRA,1170
1263,DEPUTADO FEDERAL,ANA BEATRIZ BERNARDES NUNES,4226
1264,DEPUTADO FEDERAL,JOSE MARIA DA SILVA PESSANHA,43
1266,DEPUTADO FEDERAL,BRENO BARBOSA,125
1276,DEPUTADO FEDERAL,MACIEL LEMOS NASCIMENTO,235
1277,DEPUTADO FEDERAL,ROSILENE OLIMPIO DOS SANTOS,810
1282,DEPUTADO FEDERAL,DANIELLE ANDRADE FERNANDES,527
1283,DEPUTADO FEDERAL,LUIS CLAUDIO DE SANTANA,1928
1285,DEPUTADO FEDERAL,GLAUCIA BARBOSA CANDIDO ALVES SLANA,1039
1288,DEPUTADO FEDERAL,PATRICIA ANTUNES CARDOSO,759
1289,DEPUTADO FEDERAL,MARCIA HELENA BRAGA CAMARGO,214
1290,DEPUTADO FEDERAL,PAULO AFONSO CUNHA,553
1291,DEPUTADO FEDERAL,SUANECIR FRANCISCO,423
1292,DEPUTADO FEDERAL,CLAUDIO LUIZ PINTO,321
1299,DEPUTADO FEDERAL,GABRIEL PENIN GARCIA,1163
1300,DEPUTADO FEDERAL,LUIZ LINDBERGH FARIAS FILHO,152219
1301,DEPUTADO FEDERAL,DIMAS DE PAIVA GADELHA JUNIOR,41238
1302,DEPUTADO FEDERAL,WELLINGTON MOREIRA DA SILVA,2812
1303,DEPUTADO FEDERAL,WESLEY DINIZ FURTADO,2810
1305,DEPUTADO FEDERAL,EMÃLIA RACHEL BENDELAK AMOÃDO,581
1307,DEPUTADO FEDERAL,MAIARA FELÃCIO DA SILVA,14481
1310,DEPUTADO FEDERAL,RICARDO LODI RIBEIRO,31490
1311,DEPUTADO FEDERAL,ROGÃRIO LÃCIO MARQUES DA COSTA,897
1312,DEPUTADO FEDERAL,LEONEL BRIZOLA,7989
1313,DEPUTADO FEDERAL,WASHINGTON LUIZ CARDOSO SIQUEIRA,113282
1315,DEPUTADO FEDERAL,JOSE ANTONIO DA SILVA,334
1317,DEPUTADO FEDERAL,FRANCELINO DA SILVA PAES,467
1320,DEPUTADO FEDERAL,LETICIA PIRES DE OLIVEIRA,1382
1321,DEPUTADO FEDERAL,VALDOMARK BATISTA TAVARES,864
1322,DEPUTADO FEDERAL,WADIH NEMER DAMOUS FILHO,27833
1323,DEPUTADO FEDERAL,MARGOTH SILVANA DA SILVA CARDOSO,1061
1329,DEPUTADO FEDERAL,CAMILA APARECIDA MARINS ALVARENGA THEODORO,4628
1330,DEPUTADO FEDERAL,IONE EFIGENIA DOS SANTOS,1133
1331,DEPUTADO FEDERAL,GABRIELA CORREIA DE SOUZA E LIMA,3581
1333,DEPUTADO FEDERAL,REIMONT LUIZ OTONI SANTA BÃRBARA,39325
1340,DEPUTADO FEDERAL,SANDRO ALEX DE OLIVEIRA CEZAR,7324
1344,DEPUTADO FEDERAL,ANTONIO PEREIRA DA SILVA LOBÃO FILHO,3633
1350,DEPUTADO FEDERAL,JOSÃ MARIA FERREIRA RANGEL,25589
1355,DEPUTADO FEDERAL,LUCIANA GONÃALVES DE NOVAES,31052
1357,DEPUTADO FEDERAL,PAULO VITOR XAVIER SANTOS,399
1360,DEPUTADO FEDERAL,RODRIGO MIGUEL GOMES FERREIRA,824
1366,DEPUTADO FEDERAL,FRANC JEFERSON ALARCON DE BARRIENTOS,2751
1367,DEPUTADO FEDERAL,MARIA DAS GRAÃAS GOMES FRANCO,1007
1368,DEPUTADO FEDERAL,DENILSON DE SOUZA,353
1369,DEPUTADO FEDERAL,INDIANARAE PEREIRA SIQUEIRA,4962
1370,DEPUTADO FEDERAL,MARIA LUCIA COSTA SILVA,774
1377,DEPUTADO FEDERAL,BENEDITA SOUZA DA SILVA SAMPAIO,113831
1388,DEPUTADO FEDERAL,ROBSON SOUZA SANTOS,460
1391,DEPUTADO FEDERAL,NARA CRISTINA PEREIRA DA SILVA,373
1394,DEPUTADO FEDERAL,CLAUDIMAR LOURENÃO DA ROCHA,550
1399,DEPUTADO FEDERAL,VIRGILIO DE OLIVEIRA SOUZA,978
1400,DEPUTADO FEDERAL,ROSANGELA PEÃANHA DA SILVA BRITO DOS SANTOS,1342
1401,DEPUTADO FEDERAL,REGINA CÃLIA DE SOUZA BENTO SEQUEIRA,242
1402,DEPUTADO FEDERAL,DANIEL DA SILVA MOFACTO,2754
1404,DEPUTADO FEDERAL,VALERIA CRISTINA ANTUNES THOME  FERREIRA,620
1405,DEPUTADO FEDERAL,ANA PAULA GOLDBACH,247
1406,DEPUTADO FEDERAL,CAROLINE ARIEL KIMBERLY MARTINS LEITE,754
1407,DEPUTADO FEDERAL,CASSIO VINICIUS LOPES PORTES,2032
1410,DEPUTADO FEDERAL,PAULO SERGIO CORREIA DE QUEIROZ,604
1411,DEPUTADO FEDERAL,ALESSANDRE ALEX PEREIRA DOMINGUES,1090
1412,DEPUTADO FEDERAL,ROBERTO LUCIO CERDEIRA,1692
1413,DEPUTADO FEDERAL,AUGUSTO ANTONIO DOS SANTOS,1505
1414,DEPUTADO FEDERAL,LILIAM SÃ DE PAULA,1455
1415,DEPUTADO FEDERAL,RITA DE CASSIA SILVA DA ROSA DOS SANTOS,165
1416,DEPUTADO FEDERAL,RENATO CORREA CAMPELLO,289
1417,DEPUTADO FEDERAL,RAQUEL MACIEL DA SILVA,1210
1420,DEPUTADO FEDERAL,ANA PAULA DA SILVA ANDRADE,447
1422,DEPUTADO FEDERAL,SERGIO RICARDO LOPES DE SOUZA,22148
1423,DEPUTADO FEDERAL,MANOEL MARINHO DE SOUZA,341
1426,DEPUTADO FEDERAL,DENILSON ALVES PASSOS,116
1427,DEPUTADO FEDERAL,AURORA DA SILVA RIBEIRO,385
1430,DEPUTADO FEDERAL,SAMUEL SIQUEIRA DA SILVA,390
1431,DEPUTADO FEDERAL,SILVIO LUIZ FERNANDES DE CASTRO,1923
1433,DEPUTADO FEDERAL,CARLOS ROBERTO RODRIGUES,41075
1434,DEPUTADO FEDERAL,JOÃO ROBERTO AVILA GOULART,84
1435,DEPUTADO FEDERAL,JÃNATHAS DA ROCHA AMÃNCIO,269
1440,DEPUTADO FEDERAL,RENATA MONTEIRO HENRIQUE,189
1441,DEPUTADO FEDERAL,PAOLA DA SILVA DANIEL,25629
1444,DEPUTADO FEDERAL,JOYCE ALBUQUERQUE DA ROCHA LEITE,2580
1445,DEPUTADO FEDERAL,FLAVIO PACCA CASTELLO BRANCO,4788
1450,DEPUTADO FEDERAL,ANTÃNIO LUIZ MASCIA BARRETO,68
1451,DEPUTADO FEDERAL,GLAUCIO MARCELO FONSECA DA SILVA,1789
1454,DEPUTADO FEDERAL,BENEDITO MENDES BRANDÃO,112
1455,DEPUTADO FEDERAL,CARLOS CORREIA JUNIOR,589
1461,DEPUTADO FEDERAL,EDNARDO DAVILA MELLO RAPOSO,13573
1465,DEPUTADO FEDERAL,ROSELENE MARTINS CARNEIRO LEITE,153
1466,DEPUTADO FEDERAL,LEONARDO FURTADO MAGALHAES,1448
1467,DEPUTADO FEDERAL,CHARLES MAURÃCIO DA SILVA,407
1470,DEPUTADO FEDERAL,LUCAS HENRIQUE FEITOSA DE MATTOS,3331
1474,DEPUTADO FEDERAL,ELIAS MIGUEL,665
1475,DEPUTADO FEDERAL,AROLDO DE SOUZA NASCIMENTO,120
1476,DEPUTADO FEDERAL,PEDRO RIBEIRO FERREIRA,227
1477,DEPUTADO FEDERAL,JOEL BITENCOURT SERRA,2393
1478,DEPUTADO FEDERAL,PETER SALOMÃO BUARQUE DO ESPÃRITO SANTO,705
1484,DEPUTADO FEDERAL,MARCUS VINICIUS DE VASCONCELOS FERREIRA,24219
1488,DEPUTADO FEDERAL,JORGE LUIS DE ALMEIDA JUNIOR,681
1490,DEPUTADO FEDERAL,ADALBERTO DE SOUZA RABELO,2300
1492,DEPUTADO FEDERAL,JULLIENE CABRAL SALVIANO DA SILVA,707
1500,DEPUTADO FEDERAL,JOÃO LUIS DUTRA LEITE,2330
1501,DEPUTADO FEDERAL,MARCO ANTONIO NEVES CABRAL,23806
1502,DEPUTADO FEDERAL,MARCOS HENRIQUE ALVES PIMENTEL,3916
1503,DEPUTADO FEDERAL,BARBARA SOLANGE ROSA DOS SANTOS,258
1505,DEPUTADO FEDERAL,ANGELICA ROMÃO MARCELINO,755
1507,DEPUTADO FEDERAL,RAQUEL RAMOS RODRIGUES CUNHA,373
1509,DEPUTADO FEDERAL,GILCÃIA MACHADO DE SOUZA,163
1511,DEPUTADO FEDERAL,DEULER DA ROCHA GONÃALVES JUNIOR,1078
1512,DEPUTADO FEDERAL,ADENIR DE PAULA BRETAS JUNIOR,1227
1514,DEPUTADO FEDERAL,SELMA BARRETO DA CRUZ,101
1515,DEPUTADO FEDERAL,TARCISIO DE MIRANDA ASSED ESTEFAN,8736
1516,DEPUTADO FEDERAL,GUTEMBERG REIS DE OLIVEIRA,133612
1517,DEPUTADO FEDERAL,NIELSON RODRIGO VICENTE DOS ANJOS,1860
1520,DEPUTADO FEDERAL,GILBERTO SALARINI,884
1522,DEPUTADO FEDERAL,OTONI MOURA DE PAULO JUNIOR,158507
1523,DEPUTADO FEDERAL,GABRIELA BARBOZA MARQUES,2585
1525,DEPUTADO FEDERAL,ELBA MARIA BARCELLOS BASTOS,204
1526,DEPUTADO FEDERAL,LEANDRO BARBOSA DE SOUZA,614
1527,DEPUTADO FEDERAL,BARBARA CRISTINA BERNARDES FERREIRA,153
1530,DEPUTADO FEDERAL,SONIA MARIA FERNANDES SOARES,984
1533,DEPUTADO FEDERAL,ANDRÃ SANTIAGO DA COSTA,1046
1534,DEPUTADO FEDERAL,MARCOS DO ESPIRITO SANTO DA SILVA,400
1540,DEPUTADO FEDERAL,PAULO CESAR DOMICIANO,1124
1544,DEPUTADO FEDERAL,ALDILAS HUNGRIA TOLEDO,2682
1545,DEPUTADO FEDERAL,GILBERTO DANIEL DE CARVALHO,557
1550,DEPUTADO FEDERAL,MAX MILLER AUGUSTO DE OLIVEIRA,1412
1551,DEPUTADO FEDERAL,ANDRÃ DOS SANTOS FIUZA,596
1554,DEPUTADO FEDERAL,MATHEUS PEREIRA GONÃALVES,193
1555,DEPUTADO FEDERAL,GABRIELLA SILVA THINNES,1022
1561,DEPUTADO FEDERAL,MARCELO DE ALENCAR FERREIRA,2957
1562,DEPUTADO FEDERAL,MARLUCIA DE SOUZA RAPHAEL,258
1563,DEPUTADO FEDERAL,MISAEL CICERO DA SILVA,417
1566,DEPUTADO FEDERAL,ROGERIO DE OLIVEIRA ROSA,656
1567,DEPUTADO FEDERAL,ANA CLAUDIA DE AZEREDO  MELLO,1062
1569,DEPUTADO FEDERAL,JORGE VIEIRA DE ABREU,473
1570,DEPUTADO FEDERAL,FELIPE MACEDO BRASILEIRO,8251
1572,DEPUTADO FEDERAL,LUCIANA ALVES DE MACEDO PEREIRA,672
1573,DEPUTADO FEDERAL,MARIA JOSE ALVES MACHADO,67
1574,DEPUTADO FEDERAL,HELEN DE PAULA BARRETO,122
1577,DEPUTADO FEDERAL,RENATO ROSA XAVIER,684
1578,DEPUTADO FEDERAL,LEONARDO DA SILVA LEAL,350
1580,DEPUTADO FEDERAL,LEONARDO CARNEIRO MONTEIRO PICCIANI,37125
1588,DEPUTADO FEDERAL,CARLOS ALBERTO DE SANT ANNA,1646
1593,DEPUTADO FEDERAL,FRANCISCO CARLOS CORTES ALVES,1669
1598,DEPUTADO FEDERAL,ROGERIO AMORIM DA SILVA,341
1599,DEPUTADO FEDERAL,GLAUBER JOAQUIM DE MATOS CORREA,571
1600,DEPUTADO FEDERAL,VÃNIA MARIA BORGES DA LUZ,303
1616,DEPUTADO FEDERAL,VINÃCIUS CAMARGO PEREIRA DA COSTA,621
1818,DEPUTADO FEDERAL,HELOÃSA HELENA LIMA DE MORAES CARVALHO,38161
1877,DEPUTADO FEDERAL,FABRÃCIO LÃRIO RODRIGUES,481
1888,DEPUTADO FEDERAL,AUGUSTO MENDES E SILVA DE ALMEIDA,274
1900,DEPUTADO FEDERAL,ALEXANDRE TEIXEIRA DE FREITAS RODRIGUES,10668
1901,DEPUTADO FEDERAL,JORGE LUIZ MATOS DE OLIVEIRA,1652
1902,DEPUTADO FEDERAL,WAGNER PIRES COELHO,4520
1903,DEPUTADO FEDERAL,ALONSIMAR DE OLIVEIRA PESSANHA,9811
1905,DEPUTADO FEDERAL,ELIZANGELA VIEIRA DA SILVA LOBO,2310
1907,DEPUTADO FEDERAL,MONICA SA DO NASCIMENTO PEREIRA DA COSTA,410
1908,DEPUTADO FEDERAL,SIDNEIA APARECIDA LIMA,142
1909,DEPUTADO FEDERAL,LEONARDO DOS SANTOS,3192
1910,DEPUTADO FEDERAL,JEFFERSON VIDAL PINHEIRO,15190
1911,DEPUTADO FEDERAL,JOSE PORTUGAL NETO,33368
1912,DEPUTADO FEDERAL,CARLOS ALBERTO SIQUEIRA DA SILVA,24224
1913,DEPUTADO FEDERAL,JOSE ANTONIO DE SOUZA BATISTA,898
1914,DEPUTADO FEDERAL,ANDRE LUIS DA SILVA CAMPISTA,1048
1915,DEPUTADO FEDERAL,WAGNER CARVALHO DE SENA,461
1918,DEPUTADO FEDERAL,ADRIANO DE ALMEIDA SILVA,1489
1919,DEPUTADO FEDERAL,MARCUS VENISSIUS DA SILVA BARBOSA,31140
1920,DEPUTADO FEDERAL,CLEBER RIBEIRO AFONSO,2597
1921,DEPUTADO FEDERAL,MARIA DE FATIMA ALVES GONÃALVES,63
1922,DEPUTADO FEDERAL,LEONARDO RODRIGUES,17154
1923,DEPUTADO FEDERAL,JEAN PIERRE PEREIRA SALLES,1890
1926,DEPUTADO FEDERAL,ANTONIA FACILDA MARTINS RODRIGUES,58
1928,DEPUTADO FEDERAL,GILBERTO MESSIAS DO NASCIMENTO,1053
1929,DEPUTADO FEDERAL,PAULO SANTOS MESSINA,15416
1930,DEPUTADO FEDERAL,PAULO RODRIGUES ALVES DA SILVA,1485
1933,DEPUTADO FEDERAL,CARLOS HENRIQUE RIOS LEMOS,10364
1935,DEPUTADO FEDERAL,SOLANGE ROSA DE SOUZA,245
1937,DEPUTADO FEDERAL,MANOEL ALEXANDRE PEREIRA DE FIGUEIREDO,7335
1939,DEPUTADO FEDERAL,QUÃREM HAPUQUE TEIXEIRA DA ROCHA,380
1940,DEPUTADO FEDERAL,THIAGO DE SANT ANNA CABRAL,2665
1944,DEPUTADO FEDERAL,RENATO CORDEIRO JUNIOR,5975
1945,DEPUTADO FEDERAL,IGOR PORTO GAVAZZI,17312
1946,DEPUTADO FEDERAL,GABRIELA MORAIS DA SILVA SANTOS,106
1950,DEPUTADO FEDERAL,JOSE APRIGIO DA SILVA,2039
1953,DEPUTADO FEDERAL,ANGELA MARIA TENORIO DE ALBUQUERQUE,1178
1955,DEPUTADO FEDERAL,WILSON ALEXANDRINO BARCELLOS DE SOUZA,1396
1956,DEPUTADO FEDERAL,ADEMIR ALVES DE MELO,7825
1966,DEPUTADO FEDERAL,FERNANDO DA SILVA FERNANDES,1575
1977,DEPUTADO FEDERAL,RUBENS TEIXEIRA DA SILVA,2376
1980,DEPUTADO FEDERAL,BRUNO LOPES DE ALMEIDA,898
1985,DEPUTADO FEDERAL,LEIDEMEIRE ROCHA BARRETO DA SILVA,203
1988,DEPUTADO FEDERAL,PAULA NEVES MAGALHAES DE BARROS,3388
1989,DEPUTADO FEDERAL,KENIA DE SOUZA GONCALVES DOS SANTOS,160
1990,DEPUTADO FEDERAL,ALESSANDRA CRISTINA MAGALHAES SANTOS,318
1991,DEPUTADO FEDERAL,VANDETE MARIA SOARES,274
1993,DEPUTADO FEDERAL,PRISCILA CAVALCANTI DE ARAUJO,85
1998,DEPUTADO FEDERAL,LEANDRO NASCIMENTO FARIAS,1473
1999,DEPUTADO FEDERAL,LINCOLN DONATO NUNES,17187
2000,DEPUTADO FEDERAL,GABRIELLY DAMASCENO DA SILVA,1697
2001,DEPUTADO FEDERAL,CRISTIANO LINDEMBERG MOREIRA DE MORAGAS,1920
2002,DEPUTADO FEDERAL,CAIO MARCELO DE ARAUJO LOPES,1336
2005,DEPUTADO FEDERAL,GISELE SILVA DOS SANTOS BATISTA,479
2006,DEPUTADO FEDERAL,RENATO MOURA MONTES,163
2007,DEPUTADO FEDERAL,CARLOS JOSE DE SANTANA,139
2008,DEPUTADO FEDERAL,MICHELLE CARDOSO ZACARIAS,274
2010,DEPUTADO FEDERAL,MARCIO GARCIA LINARES,6313
2012,DEPUTADO FEDERAL,JOAO MAURICIO FERREIRA GONÃALVES,2294
2013,DEPUTADO FEDERAL,GUILHERME SILVA DE OLIVEIRA,296
2016,DEPUTADO FEDERAL,AMANDA PADILHA DA SILVA,518
2017,DEPUTADO FEDERAL,THAIDYMILLA ROBERTA DE AZEVEDO PONTES,301
2018,DEPUTADO FEDERAL,NIVEA DE FATIMA LUIZ,128
2020,DEPUTADO FEDERAL,JONATAS RIBEIRO CASTELO BRANCO,4501
2022,DEPUTADO FEDERAL,EVERALDO DIAS PEREIRA,9522
2023,DEPUTADO FEDERAL,CARLOS HENRIQUE DE ANDRADE ADAO,261
2025,DEPUTADO FEDERAL,JAQUELINE LOPES DE ARAUJO,110
2030,DEPUTADO FEDERAL,MAURO DOS SANTOS SILVA,453
2033,DEPUTADO FEDERAL,CARLOS ZALBERTO BOA MORTE FILHO,1700
2035,DEPUTADO FEDERAL,BEATRIZ DOS SANTOS NASCIMENTO,191
2040,DEPUTADO FEDERAL,MARCIO ALEXANDRO DE SOUZA,1891
2044,DEPUTADO FEDERAL,ANTONIO COSTA DE BRITO,108
2047,DEPUTADO FEDERAL,SILVIO DA COSTA SANTANA,1084
2050,DEPUTADO FEDERAL,LUIZ CARLOS DAS NEVES,383
2052,DEPUTADO FEDERAL,MONICA FRAGA DOS SANTOS DIB DA COSTA,373
2056,DEPUTADO FEDERAL,ANDERSON SILVA DA COSTA,386
2060,DEPUTADO FEDERAL,RONILDO FERREIRA SANTOS,48
2077,DEPUTADO FEDERAL,WELINGTON CARLOS DE AGUIAR,190
2100,DEPUTADO FEDERAL,MARIANA LIMA NOGUEIRA,2878
2121,DEPUTADO FEDERAL,GUSTAVO GALVÃO PEDRO,1360
2123,DEPUTADO FEDERAL,GABRIEL RODRIGUES DAUMAS MARQUES,1018
2200,DEPUTADO FEDERAL,LETÃCIA ALVES PEREIRA ENTRAGO,24520
2201,DEPUTADO FEDERAL,MAX GUILHERME MACHADO DE  MOURA,9489
2202,DEPUTADO FEDERAL,VERONICA CHAVES DE CARVALHO COSTA,31103
2206,DEPUTADO FEDERAL,WALDIR LUIZ FERRAZ,1967
2207,DEPUTADO FEDERAL,MARCUS WELBER GOMES DA SILVA,9718
2209,DEPUTADO FEDERAL,MAURO ALVES SOUZA,383
2210,DEPUTADO FEDERAL,FABIANA SILVA DE SOUZA,30096
2211,DEPUTADO FEDERAL,CARLOS ROBERTO COELHO DE MATTOS JUNIOR,114587
2212,DEPUTADO FEDERAL,EDUARDO PAZUELLO,205324
2213,DEPUTADO FEDERAL,MARCOS TEIXEIRA BRAZ,38623
2214,DEPUTADO FEDERAL,CHRISTINE NOGUEIRA DOS REIS TONIETTO,52583
2215,DEPUTADO FEDERAL,PRISCILA KARLA PEREIRA DOS SANTOS,1277
2217,DEPUTADO FEDERAL,ALEXANDRE RAMAGEM RODRIGUES,59170
2220,DEPUTADO FEDERAL,HELIO FERNANDO BARBOSA LOPES,132986
2221,DEPUTADO FEDERAL,ROSANE FELIX DO NASCIMENTO MALTA,38579
2222,DEPUTADO FEDERAL,SORAYA ALENCAR DOS SANTOS,130379
2223,DEPUTADO FEDERAL,RENATO COSTA DE OLIVEIRA,18899
2224,DEPUTADO FEDERAL,EDIMILSON RAMOS MIGOWSKI DE CARVALHO,9927
2225,DEPUTADO FEDERAL,AROLDO ANTONIO DE OLIVEIRA MENDONÃA,3878
2226,DEPUTADO FEDERAL,EDIANNE PAULO DE ABREU,2176
2227,DEPUTADO FEDERAL,ALLAN TURNOWSKI,18627
2230,DEPUTADO FEDERAL,FERNANDO DA SILVA VELOSO,5685
2232,DEPUTADO FEDERAL,RICARDO DE SOUZA COSTA,28353
2233,DEPUTADO FEDERAL,LUIZ EDUARDO CARNEIRO DA SILVA DE SOUZA LIMA,69088
2234,DEPUTADO FEDERAL,MARCELLO CAPPARELLI MONIZ DE ARAGÃO DÃQUER,3274
2235,DEPUTADO FEDERAL,ELAINE MOURA,648
2238,DEPUTADO FEDERAL,JOÃO CARLOS SOARES GURGEL,11531
2244,DEPUTADO FEDERAL,HERMITON BATISTA MOURA,7716
2245,DEPUTADO FEDERAL,FLAVIO CAMPOS FERREIRA,46636
2250,DEPUTADO FEDERAL,PEDRO JOSÃ MANSO,2488
2252,DEPUTADO FEDERAL,MARCIO DA SILVEIRA LABRE,2501
2254,DEPUTADO FEDERAL,JULIO CEZAR KFURI,323
2255,DEPUTADO FEDERAL,GUTEMBERG DE PAULA FONSECA,19288
2256,DEPUTADO FEDERAL,LUCIANO VIEIRA MENDES,84942
2264,DEPUTADO FEDERAL,CHRISTIANNE DUARTE GAROIU,3842
2267,DEPUTADO FEDERAL,BIANCA DE CAMPOS CRUZ MACHADO,743
2269,DEPUTADO FEDERAL,ALTINEU CORTES FREITAS COUTINHO,167512
2270,DEPUTADO FEDERAL,MARINARA PEREIRA DA COSTA,6583
2274,DEPUTADO FEDERAL,ELIZABETH LILIAN FERRAZ VITORINO,146
2275,DEPUTADO FEDERAL,JEANE DE SOUZA DAMES,219
2277,DEPUTADO FEDERAL,SÃSTENES SILVA CAVALCANTE,65443
2278,DEPUTADO FEDERAL,RENAN MARASSI MAGALHÃES,26021
2282,DEPUTADO FEDERAL,ROBERTO LUIZ RODRIGUES DE OLIVEIRA,94221
2287,DEPUTADO FEDERAL,MILENA CARDOSO MOREIRA,298
2288,DEPUTADO FEDERAL,GELSON DE AZEVEDO ALMEIDA,4330
2299,DEPUTADO FEDERAL,CHARLLES BATISTA DA SILVA,41346
2300,DEPUTADO FEDERAL,RICARDO PEDREIRA RANGEL,4475
2301,DEPUTADO FEDERAL,WELLINGTON BRUNO SANTOS,1299
2303,DEPUTADO FEDERAL,PAULO FERNANDO VILLELA CANTUARIA,471
2304,DEPUTADO FEDERAL,NILTON WILSON SALOMÃO,16162
2310,DEPUTADO FEDERAL,MARCUS VINICIUS LOPES MARTINS,1661
2311,DEPUTADO FEDERAL,EDUARDO PAIVA DA SILVA,1492
2312,DEPUTADO FEDERAL,EDSON SANTOS SILVA,1108
2313,DEPUTADO FEDERAL,RENATA SILVEIRA DA COSTA,1664
2320,DEPUTADO FEDERAL,FLÃVIO DOS SANTOS ANTUNES,26461
2322,DEPUTADO FEDERAL,AUGUSTO CÃSAR SILVA SORAGE,5144
2323,DEPUTADO FEDERAL,ANTONIA MINDLIN LEITE BARBOSA,5617
2332,DEPUTADO FEDERAL,AGUINALDO MARTINS DOS SANTOS,377
2333,DEPUTADO FEDERAL,MANOEL TEIXEIRA DE MESQUITA NETO,613
2334,DEPUTADO FEDERAL,DANIELLE LIMA SANTANA,140
2344,DEPUTADO FEDERAL,SELMA MARIA RODRIGUES DA SILVA,506
2345,DEPUTADO FEDERAL,KATIA CRISTINA MIKI DA SILVA,5139
2350,DEPUTADO FEDERAL,CARLOS HENRIQUE DA SILVA BAÃA,106
2351,DEPUTADO FEDERAL,EMANUEL MARQUES CORRÃA,268
2356,DEPUTADO FEDERAL,ANDRE LUIZ COSTA DE SOUZA,1145
2360,DEPUTADO FEDERAL,FABIANO GONÃALVES,10339
2370,DEPUTADO FEDERAL,MAGALI FARIAS DA SILVEIRA NUNES SOUZA,126
2398,DEPUTADO FEDERAL,CLEIDE SOUZA FREIRE VICTORIO,802
2700,DEPUTADO FEDERAL,LUCIANA NERI DA SILVA,371
2707,DEPUTADO FEDERAL,ALEMAR GOIS SERRA,222
2708,DEPUTADO FEDERAL,DIVA MARIA DIAS VALENTINI ROZENDO,118
2710,DEPUTADO FEDERAL,GLAIDSON ACÃCIO DOS SANTOS,37935
2711,DEPUTADO FEDERAL,GILVANIO OLIVEIRA DA SILVA,650
2712,DEPUTADO FEDERAL,JORGE MURILO RODRIGUES DE MORAES,759
2714,DEPUTADO FEDERAL,MARCOS RODRIGUES DA SILVA,713
2715,DEPUTADO FEDERAL,CHEILA MOREIRA MACHADO ALVES,68
2716,DEPUTADO FEDERAL,MARIA JOSÃ RIBEIRO,69
2717,DEPUTADO FEDERAL,ROSILENE PADILHA DOS SANTOS DO NASCIMENTO,158
2719,DEPUTADO FEDERAL,ISMAEL CARLOS NASCIMENTO DE JESUS,825
2720,DEPUTADO FEDERAL,DELANEY MACHADO DA CUNHA,435
2722,DEPUTADO FEDERAL,REINALDO DE ALMEIDA,837
2723,DEPUTADO FEDERAL,MARCIA HELENA RIBEIRO DE AZEVEDO,78
2725,DEPUTADO FEDERAL,CELSO CAETANO DE MIRANDA,407
2727,DEPUTADO FEDERAL,SANDRO CARLO ALVES,367
2728,DEPUTADO FEDERAL,ELIEL DE SOUZA DO ROSÃRIO,425
2730,DEPUTADO FEDERAL,ANDERSON FRANCISCO PERCILIANO AMORIM,214
2731,DEPUTADO FEDERAL,JURANDIR JACINTHO DE SOUZA,373
2732,DEPUTADO FEDERAL,LUIS ANTONIO PEREIRA DA SILVA,584
2736,DEPUTADO FEDERAL,CARLOS ESEQUIEL SILVA DOS SANTOS,1177
2739,DEPUTADO FEDERAL,SONIA FELIX DA CRUZ DE JESUS MELO,187
2742,DEPUTADO FEDERAL,MÃRCIO VILARÃ SOUTO,617
2747,DEPUTADO FEDERAL,FABIO ROBERTO ARAÃJO ROMOLI,897
2751,DEPUTADO FEDERAL,LUIS CLAUDIO RIBEIRO DE ARAUJO,371
2752,DEPUTADO FEDERAL,ANTONIO ARLINDO DO NASCIMENTO,429
2755,DEPUTADO FEDERAL,CLAUDIO NASCIMENTO,1395
2756,DEPUTADO FEDERAL,JOSIANE SILVESTRE,102
2757,DEPUTADO FEDERAL,ALEXANDRE PAES QUIRINO,438
2758,DEPUTADO FEDERAL,CLAUDIO FELIPE DE SÃ,35
2759,DEPUTADO FEDERAL,SIMONE SILVA DE CARVALHO AZEREDO,1
2761,DEPUTADO FEDERAL,SILAS SILVA DE OLIVEIRA,62
2762,DEPUTADO FEDERAL,MARCUS DE FREITAS TAVARES,789
2763,DEPUTADO FEDERAL,RAIZA MARINS DE OLIVEIRA,24
2765,DEPUTADO FEDERAL,ANA KATIUSCIA DA SILVA OLIVEIRA,120
2773,DEPUTADO FEDERAL,MARCIO MONTENEGRO TESCH,11
2774,DEPUTADO FEDERAL,COSME DA SILVEIRA LOURENÃO,108
2777,DEPUTADO FEDERAL,JOSÃ JALMIR DE MEDEIROS,758
2782,DEPUTADO FEDERAL,JEAN CARLOS FREITAS,358
2785,DEPUTADO FEDERAL,FILIPE MENDES SANTOS,86
2788,DEPUTADO FEDERAL,THAYNÃ CHRISTINE DOS SANTOS GOULART,132
2791,DEPUTADO FEDERAL,RONALD DE LIMA MIRANDA,89
2792,DEPUTADO FEDERAL,JORGINA SOUZA DA CONCEIÃÃO,11
2797,DEPUTADO FEDERAL,MARCELO DE SOUZA,1350
2799,DEPUTADO FEDERAL,MARIA LUIZA PEREIRA RODRIGUES GOMES,151
2800,DEPUTADO FEDERAL,FLAVIA DE OLIVEIRA FREITAS,1024
2801,DEPUTADO FEDERAL,HELIMAR DE AZEVEDO,185
2802,DEPUTADO FEDERAL,HENYS PINTO DA SILVA,1265
2803,DEPUTADO FEDERAL,ZULEIDE DA SILVA RAMOS,263
2804,DEPUTADO FEDERAL,DÃBORA CLAUDIA SANTOS MONTEIRO,133
2805,DEPUTADO FEDERAL,ALINE DO NASCIMENTO VIANA,1338
2809,DEPUTADO FEDERAL,DANIELLE DA SILVA PASSOS CARVALHO,284
2811,DEPUTADO FEDERAL,ROBERTO LINHARES DA SILVA,21
2812,DEPUTADO FEDERAL,LENILSON TEIXEIRA FAZOLO,1649
2816,DEPUTADO FEDERAL,LAERCIO DO CARMO,143
2817,DEPUTADO FEDERAL,JOSE DE RIBAMAR CUTRIM GOMES,285
2818,DEPUTADO FEDERAL,MARIA DO CARMO SANTOS FERREIRA DE MELLO,170
2821,DEPUTADO FEDERAL,LETICIA GABRIEL CABRAL DE BARROS,64
2822,DEPUTADO FEDERAL,ALEXANDRE DA SILVA PIMENTEL,1518
2823,DEPUTADO FEDERAL,MARCELO BOSCHER NUNES,1437
2824,DEPUTADO FEDERAL,ALEXANDRE CARVALHO DA SILVA,874
2825,DEPUTADO FEDERAL,MARIA DO CARMO SILVA,154
2826,DEPUTADO FEDERAL,BEATRIZ PEREIRA CORBETA,68
2827,DEPUTADO FEDERAL,GLORIA DE OLIVEIRA,376
2828,DEPUTADO FEDERAL,GUSTAVO MODESTO SCHMIDT,4588
2829,DEPUTADO FEDERAL,FLÃVIO CAUTIERO HORTA JARDIM,2344
2832,DEPUTADO FEDERAL,TAÃS DE ALMEIDA OLIVEIRA,21
2833,DEPUTADO FEDERAL,FRANKLIN JOSÃ DA MOTA,282
2834,DEPUTADO FEDERAL,JORGE DA SILVA COSTA,202
2844,DEPUTADO FEDERAL,ELISÃNGELA DE FREITAS,37
2846,DEPUTADO FEDERAL,GASPAR HERBERT STEIN,82
2850,DEPUTADO FEDERAL,ANDRÃ RICARDO DOS SANTOS AFFONSO,241
2853,DEPUTADO FEDERAL,JOSÃ MAIA MENDES DA SILVA FILHO,74
2854,DEPUTADO FEDERAL,RAFAELA OLIVEIRA DE MELO,71
2855,DEPUTADO FEDERAL,ANTÃNIO FERNANDES ANTUNES,4565
2858,DEPUTADO FEDERAL,MAURO CESAR MACEDO DO NASCIMENTO,853
2860,DEPUTADO FEDERAL,DARIO JOSE DA SILVA FERREIRA,253
2864,DEPUTADO FEDERAL,ANDREA PAOLA COSTA PRADO,100
2866,DEPUTADO FEDERAL,SARITA ALVES FERREIRA PAIVA,840
2869,DEPUTADO FEDERAL,NELSON ALVES FERREIRA NETTO,556
2873,DEPUTADO FEDERAL,EDUARDO PACHECO TERRA,3692
2876,DEPUTADO FEDERAL,FÃBIO ALVES GARRIDO,508
2877,DEPUTADO FEDERAL,DENIS DE PAULA FERREIRA,1915
2880,DEPUTADO FEDERAL,LEANDRO DOS SANTOS COSTA,463
2882,DEPUTADO FEDERAL,REGIS AYRTON LERMEN,1044
2883,DEPUTADO FEDERAL,ANDERSON LUIS DE AZEVEDO BARRETO,520
2888,DEPUTADO FEDERAL,DANIEL FERNANDES DE OLIVEIRA,597
2899,DEPUTADO FEDERAL,RICARDO GOMES ARANHA,247
2929,DEPUTADO FEDERAL,HENRIQUE VITAL BRAZIL SIMONARD,219
2939,DEPUTADO FEDERAL,ROMULO REIS CALABRIA SODRE,50
2949,DEPUTADO FEDERAL,CAETANO ALBUQUERQUE SIGILIANO,24
2959,DEPUTADO FEDERAL,BEATRIZ MENDES DE MELO,92
2979,DEPUTADO FEDERAL,RYAN ALBUQUERQUE DA SILVA,35
2989,DEPUTADO FEDERAL,ALESSANDRA DOS SANTOS MARQUES,66
2999,DEPUTADO FEDERAL,LUISA MELCÃADES RODRIGUEZ MARANHÃO,117
3000,DEPUTADO FEDERAL,RENÃ DA SILVA FREITAS,8143
3001,DEPUTADO FEDERAL,ANA CAROLINA SPONZA BRAGA,24934
3003,DEPUTADO FEDERAL,JOÃO ALBERTO NEVES DOS SANTOS,2392
3010,DEPUTADO FEDERAL,KATHARYNE AMORIM CAIAFFA,3500
3012,DEPUTADO FEDERAL,CLAUDIO ALEXANDRE DA CRUZ WEISSHUHN,506
3013,DEPUTADO FEDERAL,IDA DELRIO FISHER,604
3015,DEPUTADO FEDERAL,HERMAN GUEDES RODRIGUES DA SILVA,681
3017,DEPUTADO FEDERAL,ABRAÃO RAMOS PEREIRA BRAZ,3887
3020,DEPUTADO FEDERAL,MARCOS EPHRAIN DE MARINS,426
3021,DEPUTADO FEDERAL,BERNARDO ABREU SAMPAIO,5586
3022,DEPUTADO FEDERAL,TIAGO FERNANDES COELHO,608
3023,DEPUTADO FEDERAL,LUIZ FERNANDO SILVA DA CUNHA,203
3030,DEPUTADO FEDERAL,DAYVIANE FERNANDES GARCIA,3128
3031,DEPUTADO FEDERAL,NIUSETE KOROBINSKI,357
3033,DEPUTADO FEDERAL,IVANO RODRIGUES DA SILVA,1215
3036,DEPUTADO FEDERAL,CLAUDIA KARINA WILBERG DE CASTRO COSTA,615
3039,DEPUTADO FEDERAL,CHARBEL NICOLAU CAPAZ,617
3040,DEPUTADO FEDERAL,MARCOS JULIANO PEREIRA,677
3055,DEPUTADO FEDERAL,LEONARDO DE CARVALHO VIDAL,1119
3078,DEPUTADO FEDERAL,FLAVIANA DE CARVALHO,971
3080,DEPUTADO FEDERAL,CÃLIA MARIA DE ARAÃJO SILVA,425
3300,DEPUTADO FEDERAL,MARCELO DO NASCIMENTO,2083
3301,DEPUTADO FEDERAL,LEONARDO FIAUX DE ANDRADE,10112
3302,DEPUTADO FEDERAL,MARCELO HORTA DE ALBUQUERQUE,471
3303,DEPUTADO FEDERAL,ALEXANDRE DE SOUZA MUNIZ,747
3305,DEPUTADO FEDERAL,NIVIA FERNANDA SILVA,2914
3306,DEPUTADO FEDERAL,VALTER DE MELLO,341
3307,DEPUTADO FEDERAL,ANDERSON LUIZ BRAVO,491
3308,DEPUTADO FEDERAL,NIVALDA FARIA DE AGUIAR,81
3309,DEPUTADO FEDERAL,RITIELE MARIOTTI BORGES,330
3310,DEPUTADO FEDERAL,JEFFERSON BELO DE CASTRO,919
3311,DEPUTADO FEDERAL,LUIZ EDUARDO SOUZA DOS SANTOS REGO,395
3313,DEPUTADO FEDERAL,SUZANE FERREIRA VASCONCELLOS,200
3314,DEPUTADO FEDERAL,MONICA RODRIGUES DA SILVA,64
3315,DEPUTADO FEDERAL,SANDRO DA CONCEIÃÃO DA ROCHA,555
3316,DEPUTADO FEDERAL,MARCOS DIAS BORGES,1052
3317,DEPUTADO FEDERAL,ALEXANDRE GUSMÃO COIMBRA,406
3318,DEPUTADO FEDERAL,MARTINHO LUTERO PEREIRA MONTEIRO,797
3320,DEPUTADO FEDERAL,JARBAS SEVERINO OLIVEIRA,1888
3321,DEPUTADO FEDERAL,EDILBERTO SOARES COSTA,442
3322,DEPUTADO FEDERAL,PIETRO DI IORIO COMES,1893
3326,DEPUTADO FEDERAL,DAVID MUNIZ DINIZ,1136
3328,DEPUTADO FEDERAL,RICARDO NASCIMENTO LAURENTINO,1011
3330,DEPUTADO FEDERAL,ANA MARIA DA SILVA GONÃALVES,1065
3331,DEPUTADO FEDERAL,ERIKA FABRICIA OLIVEIRA PEIXOTO,87
3333,DEPUTADO FEDERAL,BRUNO CHAGAS DE BRITO DA SILVA,16360
3334,DEPUTADO FEDERAL,MAURO MARCIO DE PAULA ROSA,946
3337,DEPUTADO FEDERAL,GERSON DA SILVA PAULO,1511
3338,DEPUTADO FEDERAL,EZEQUIEL OLIVEIRA SILVA,2256
3340,DEPUTADO FEDERAL,JUVENAL VITOR PINTO DE CARVALHO,1114
3342,DEPUTADO FEDERAL,TAMIRES PIMENTEL MOREIRA,515
3344,DEPUTADO FEDERAL,MABELLE FERNANDA DE JESUS PEREZ,556
3345,DEPUTADO FEDERAL,MARCO ANTONIO FURTADO,873
3353,DEPUTADO FEDERAL,CLAUDIA DA SILVA FERREIRA,74
3355,DEPUTADO FEDERAL,BARBARA CRISTINA TEIXEIRA DE OLIVEIRA,305
3356,DEPUTADO FEDERAL,SANDRA SAMPAIO COSTA,209
3357,DEPUTADO FEDERAL,MANOEL DE MATOS FILHO,138
3359,DEPUTADO FEDERAL,GILMAR FERREIRA MARTINS,312
3360,DEPUTADO FEDERAL,LUIS CARLOS DA SILVA VIEIRA,1021
3366,DEPUTADO FEDERAL,PERRY SOUZA AZEREDO,2346
3375,DEPUTADO FEDERAL,ELIZABETE LOURDES BARBOZA,49
3377,DEPUTADO FEDERAL,MARCOS DIAS PEREIRA,19748
3378,DEPUTADO FEDERAL,MARIO RAMOS FILHO,686
3379,DEPUTADO FEDERAL,HELOISA SILVA DOS SANTOS,192
3381,DEPUTADO FEDERAL,CARLA CRISTINA MOTTA PEIXOTO,517
3393,DEPUTADO FEDERAL,MESAC EFLAIN DA SILVA ESPINDOLA,12345
3396,DEPUTADO FEDERAL,EDSON VINICIUS CORREA NASCIMENTO,1231
3399,DEPUTADO FEDERAL,GEFERSON JORGE OLIVEIRA DOS SANTOS,1270
3500,DEPUTADO FEDERAL,ANDRE LUIZ SILVA GOMES,850
3501,DEPUTADO FEDERAL,HELENA ALVES BRANDÃO WITZEL,492
3502,DEPUTADO FEDERAL,SILVANA AZEVEDO DE ARAUJO,450
3503,DEPUTADO FEDERAL,WASHINGTON LUIZ BERNARDINO DE SOUZA,2056
3504,DEPUTADO FEDERAL,VILLER TAVARES BARBOSA,340
3505,DEPUTADO FEDERAL,PAULO JOSE DOS SANTOS DE OLIVEIRA,345
3506,DEPUTADO FEDERAL,EVANDRO NASCIMENTO DE ABREU,514
3507,DEPUTADO FEDERAL,ARLEY SANTOS PEREIRA,293
3508,DEPUTADO FEDERAL,JAILTON SOARES BEZERRA,177
3510,DEPUTADO FEDERAL,CARLOS ALBERTO QUEIROZ MAIA,1330
3511,DEPUTADO FEDERAL,RONALDO LEONARDO DA SILVA,147
3512,DEPUTADO FEDERAL,LUIS URSULINO SANTANA,485
3513,DEPUTADO FEDERAL,LUIZ ANTONIO RIBEIRO GONÃALVES,523
3515,DEPUTADO FEDERAL,CARLA RENATA LANDES ROSA MEDINA,142
3520,DEPUTADO FEDERAL,GENIVALDO NOGUEIRA DA SILVA,613
3521,DEPUTADO FEDERAL,SERGIO LOPES COIMBRA,470
3522,DEPUTADO FEDERAL,RENATA NOGUEIRA O DONNELL,1108
3524,DEPUTADO FEDERAL,ANGELO SOUZA DE ALMEIDA,169
3527,DEPUTADO FEDERAL,MOISES FERREIRA,98
3535,DEPUTADO FEDERAL,RENATA DE OLIVEIRA ESTEVES,1458
3536,DEPUTADO FEDERAL,TANIA DIAS MARTINS BARBOZA,81
3537,DEPUTADO FEDERAL,GUARINO VILHENA DA SILVA,408
3538,DEPUTADO FEDERAL,ADENAIR MARIA DE MOURA TAYAR,209
3545,DEPUTADO FEDERAL,RUDSON VELASQUES GOMES,607
3549,DEPUTADO FEDERAL,ANA PAULA DA SILVA CASTRO,221
3550,DEPUTADO FEDERAL,JOSIAS DA SILVA CARVALHO,395
3551,DEPUTADO FEDERAL,CARLOS EDUARDO NEVES DE JESUS,630
3552,DEPUTADO FEDERAL,DEBORA OLIVEIRA DE MELO RICIO,865
3553,DEPUTADO FEDERAL,ALZIRA SEBASTIANA MARQUES REGIS,416
3554,DEPUTADO FEDERAL,ISABEL DE OLIVEIRA ACIMO,139
3556,DEPUTADO FEDERAL,NORLI MENEGHINI CARLINI LIRA,436
3561,DEPUTADO FEDERAL,ALEXANDRE CARVALHAL DA SILVA,193
3562,DEPUTADO FEDERAL,JOHN ALEX GOMES DOS SANTOS,133
3565,DEPUTADO FEDERAL,LUIZ ELPIDIO MARTINS MANHAES,823
3566,DEPUTADO FEDERAL,SHIRLEI DA SILVA VIEIRA,93
3570,DEPUTADO FEDERAL,JORGE LEIBE DE SOUZA PEREIRA,667
3576,DEPUTADO FEDERAL,JOSE NUNES DA SILVA,215
3577,DEPUTADO FEDERAL,JOSE MARIA FIDELIS DA SILVA,255
3578,DEPUTADO FEDERAL,ANDERSON ALVES BARRETO,1497
3580,DEPUTADO FEDERAL,RODRIGO DOS SANTOS TEIXEIRA,213
3585,DEPUTADO FEDERAL,GABRIELA DE ARAUJO TAVARES,97
3588,DEPUTADO FEDERAL,WELLINGTON RODRIGUES SOARES,1146
3592,DEPUTADO FEDERAL,SAULO ANDRE CHAVES DE CARVALHO,241
3595,DEPUTADO FEDERAL,SIRLEI APARECIDA DE OLIVEIRA BUBNOFF,82
3599,DEPUTADO FEDERAL,FABIO PERALTA DE OLIVEIRA,138
3600,DEPUTADO FEDERAL,MARCIO DE PAULA SANTOS,6194
3601,DEPUTADO FEDERAL,SHIRLEI DE OLIVEIRA ENGEL,642
3602,DEPUTADO FEDERAL,GLAUCIO SANTOS DA SILVA,1202
3607,DEPUTADO FEDERAL,ROMULO GOMES DE MATTOS,2829
3608,DEPUTADO FEDERAL,FERNANDO GOMES DE FREITAS,51
3609,DEPUTADO FEDERAL,ANDRE ARIGONE TELLES BARROS,519
3610,DEPUTADO FEDERAL,PATRICK ALEXANDRE DE OLIVEIRA,2129
3611,DEPUTADO FEDERAL,MARLI ALVES DA SILVA,445
3612,DEPUTADO FEDERAL,HELIO SEVERINO DE AZEVEDO,8393
3616,DEPUTADO FEDERAL,CARLOS ALEXANDRE DE OLIVEIRA,516
3618,DEPUTADO FEDERAL,MARIA ELIANE SANTOS DE MORAIS,698
3619,DEPUTADO FEDERAL,JOKLEYNE ANTONIO FARIA DA SILVA,970
3620,DEPUTADO FEDERAL,HUGO JOSE TAVARES,189
3621,DEPUTADO FEDERAL,MARIA JESUS FERNANDES DA SILVA,372
3622,DEPUTADO FEDERAL,ELITUSALEM GOMES DE FREITAS,3611
3623,DEPUTADO FEDERAL,OZORIO FONTOURA FERREIRA BARBOSA,630
3625,DEPUTADO FEDERAL,GILSELENE SANTOS ARRUZZO,467
3627,DEPUTADO FEDERAL,ERIKA GAMA ALBUQUERQUE,175
3633,DEPUTADO FEDERAL,CRISTIANE FLAVIA FRANCO,390
3635,DEPUTADO FEDERAL,ROSEMARY PEDREIRA NUNES CABRAL,312
3636,DEPUTADO FEDERAL,WILSON MARTINS COUTINHO,6646
3637,DEPUTADO FEDERAL,LEREMICE DOS ANJOS MACIEL,76
3640,DEPUTADO FEDERAL,OSNIR ROCHA DE SOUZA,596
3644,DEPUTADO FEDERAL,RAFAELLA TORRES LEANDRO DA ROCHA,440
3645,DEPUTADO FEDERAL,CARLOS ANDRE JESUS SANTOS,635
3648,DEPUTADO FEDERAL,VERONICA PENCO FIGUEIREDO,465
3650,DEPUTADO FEDERAL,WILLIANS TEIXEIRA MADALENA,569
3652,DEPUTADO FEDERAL,SIDNEY CANDIDO DA SILVA CAVALCANTE,428
3653,DEPUTADO FEDERAL,MAURICIO BARBOSA REIS,123
3655,DEPUTADO FEDERAL,EMERSON CRUZ DE OLIVEIRA,306
3660,DEPUTADO FEDERAL,RONILDO NAVEGA HENRIQUES,1037
3663,DEPUTADO FEDERAL,ADRIANO LEITE DE ANDRADE,558
3666,DEPUTADO FEDERAL,ROSILENE ETIENE MENDONÃA,240
3667,DEPUTADO FEDERAL,ZICRI LAMEQUE DA SILVA,2129
3669,DEPUTADO FEDERAL,FATIMA DENISE CAMPELO DE LIMA SOUZA,158
3670,DEPUTADO FEDERAL,ADILSON DOS REIS VIEIRA,178
3678,DEPUTADO FEDERAL,VANDA MARQUES DA COSTA,147
3680,DEPUTADO FEDERAL,WALBER CARVALHO DE ALMEIDA,1596
3681,DEPUTADO FEDERAL,FELIPE HENRIQUES TEIXEIRA RAMOS,257
3688,DEPUTADO FEDERAL,SERGIO ANTONIO PINTO DOS SANTOS,3064
3689,DEPUTADO FEDERAL,JOAO BOSCO DE SOUZA GESTAL,481
3690,DEPUTADO FEDERAL,THIAGO DE SOUZA LYRA,319
3693,DEPUTADO FEDERAL,ALEX SANDRO DA CONCEIÃÃO,464
3696,DEPUTADO FEDERAL,CLAUDIO HENRIQUE BARACK OBAMA DOS ANJOS,409
3698,DEPUTADO FEDERAL,CAMILLA DA CUNHA SANTIAGO,124
3699,DEPUTADO FEDERAL,JEAN CARLO DE MENEZES VILHENA,315
4000,DEPUTADO FEDERAL,EDUARDO CARVALHO BANDEIRA DE MELLO,72725
4001,DEPUTADO FEDERAL,MARCOS LOPES RIBEIRO,3327
4003,DEPUTADO FEDERAL,ALEXANDRE LUIS GONZAGA MADEIRA,469
4004,DEPUTADO FEDERAL,MARIA LUCÃLIA DOS SANTOS,10867
4005,DEPUTADO FEDERAL,ELISABETTA ZOTTOLO,231
4006,DEPUTADO FEDERAL,BEATRIZ MACIEL PONTES,1802
4007,DEPUTADO FEDERAL,ALEXANDRE SILVA SARAIVA,16204
4008,DEPUTADO FEDERAL,LEVI ALVES RODRIGUES DOS SANTOS,156
4009,DEPUTADO FEDERAL,FLAVIO LUCIANO RANCANO DE AZEVEDO ROSA,1075
4010,DEPUTADO FEDERAL,JOSÃ ARIMATHÃA OLIVEIRA,3570
4012,DEPUTADO FEDERAL,RAFAEL DE CASTRO ALVES ATALLA MEDINA,1044
4013,DEPUTADO FEDERAL,TATIANA MARINS ROQUE,30764
4015,DEPUTADO FEDERAL,MARCOS ANTONIO DE QUEIROZ LUCENA,526
4020,DEPUTADO FEDERAL,RAMON DE PAULA NEVES,487
4021,DEPUTADO FEDERAL,TIAGO GOMES DOS SANTOS,1731
4022,DEPUTADO FEDERAL,GABRIEL BICHARRA SANTINI PINTO,651
4027,DEPUTADO FEDERAL,SANDRA MARIA BORGES DE FREITAS,239
4030,DEPUTADO FEDERAL,NELSON DE CARVALHO JUNIOR,1286
4033,DEPUTADO FEDERAL,LEONARDO FRANCISCO DOS ANJOS,594
4040,DEPUTADO FEDERAL,WALDECK CARNEIRO DA SILVA,27879
4041,DEPUTADO FEDERAL,LUIZ CARLOS DA ROCHA NOVAES,2573
4044,DEPUTADO FEDERAL,JESSICA CRISTINA MIRANDA SANTOS,11427
4045,DEPUTADO FEDERAL,JORGE PAULO DA SILVA MENDES,641
4046,DEPUTADO FEDERAL,ARLINDO DE SOUZA TEIXEIRA,185
4048,DEPUTADO FEDERAL,ADRIELY ALVES OSÃRIO DA SILVA,1177
4050,DEPUTADO FEDERAL,MARCOS UCHÃA CAVALCANTI,850
4054,DEPUTADO FEDERAL,LOURDES DA SILVA PETRONILHO,380
4055,DEPUTADO FEDERAL,HUMBERTO ADAMI SANTOS JUNIOR,441
4056,DEPUTADO FEDERAL,ROSA MARIA CAMPOS PEREIRA,154
4060,DEPUTADO FEDERAL,JORDELI RODRIGUES DUTRA CHAVES,152
4065,DEPUTADO FEDERAL,KÃNIA AGUIAR FONTOURA DA SILVA,394
4067,DEPUTADO FEDERAL,MIRIANE SILVA COBALEA,207
4070,DEPUTADO FEDERAL,RAONE CASSIN MAIA FERREIRA,6312
4077,DEPUTADO FEDERAL,EDSON SANTOS DE SOUZA,2740
4078,DEPUTADO FEDERAL,ANDERSON DE SOUSA BESERRA LOPES,339
4080,DEPUTADO FEDERAL,ANTÃNIO EUDES RODRIGUES,348
4090,DEPUTADO FEDERAL,HENRIQUE ABRAHÃO CHARLES,2981
4097,DEPUTADO FEDERAL,ALVARO ANIBAL ALVES DE MAGALHÃES,12
4300,DEPUTADO FEDERAL,ADELZON ALVES,985
4310,DEPUTADO FEDERAL,SHEILA REGINA ARÃO DE OLIVEIRA SILVA,531
4321,DEPUTADO FEDERAL,ANDRÃ LUIZ LAZARONI DE MORAES,24389
4333,DEPUTADO FEDERAL,CARLA PIRANDA REBELLO,513
4358,DEPUTADO FEDERAL,HAMILTON ROCHA DE OLIVEIRA,199
4389,DEPUTADO FEDERAL,UDERSON MENEGUITE RIBEIRO,1144
4400,DEPUTADO FEDERAL,ROGÃRIO TEIXEIRA JUNIOR,70660
4401,DEPUTADO FEDERAL,JOÃO FRANCISCO INÃCIO BRAZÃO,77367
4404,DEPUTADO FEDERAL,SANDRO DA SILVA CRUZ,1016
4405,DEPUTADO FEDERAL,JIMMY DE OLIVEIRA CORRÃA,2662
4410,DEPUTADO FEDERAL,LUIZ ANTONIO FURLANI FILHO,22646
4411,DEPUTADO FEDERAL,PAULA MARY REIS DE ALBUQUERQUE,8135
4412,DEPUTADO FEDERAL,DANIELA MOTÃ DE SOUZA CARNEIRO,213706
4413,DEPUTADO FEDERAL,FLÃVIA PINHEIRO FRÃES,1361
4414,DEPUTADO FEDERAL,ALBERTO ELY BRIZOLA DA SILVA,1055
4415,DEPUTADO FEDERAL,VINICIUS MEDEIROS FARAH,38852
4418,DEPUTADO FEDERAL,NORMA MARGARIDA DE SOUSA CARVALHO,96
4419,DEPUTADO FEDERAL,JORGE MOREIRA THEODORO,16972
4420,DEPUTADO FEDERAL,JORGE LUIS SILVA DE MEDEIROS,2049
4421,DEPUTADO FEDERAL,GUSTAVO SANTOS DE SIMAS,3627
4422,DEPUTADO FEDERAL,RAQUEL NIEDERMEYER DENARDIN,9263
4423,DEPUTADO FEDERAL,SHIRLEY CARVALHAES DE CAMARGO,4396
4425,DEPUTADO FEDERAL,PEDRO ROGÃRIO VIEIRA CABRAL,14723
4427,DEPUTADO FEDERAL,ELAINE ALVES DE CARVALHO,578
4430,DEPUTADO FEDERAL,JOSÃ GERALDO VICTORIO GONÃALVES,7845
4433,DEPUTADO FEDERAL,PAULA FRANCINETE MACHADO DE JESUS,10235
4434,DEPUTADO FEDERAL,FABIO DA ROCHA BASTOS CAJUEIRO,2961
4440,DEPUTADO FEDERAL,ITAGIBE DO COUTO CABRAL,2131
4441,DEPUTADO FEDERAL,CLÃUDIO VASQUE CHUMBINHO DOS SANTOS,8448
4443,DEPUTADO FEDERAL,MARIA CRISTINA MEL DE ALMEIDA COSTA,23936
4444,DEPUTADO FEDERAL,MARCOS BEZERRA RIBEIRO SOARES,43533
4445,DEPUTADO FEDERAL,CAROLINA TRINDADE CORRÃA,2331
4447,DEPUTADO FEDERAL,MARCO ANTONIO SANTOS DE MELO,3162
4450,DEPUTADO FEDERAL,PAULO CESAR BALTAZAR DA NÃBREGA,14889
4452,DEPUTADO FEDERAL,MURILLO GOUVÃA RODRIGUES,49921
4454,DEPUTADO FEDERAL,ROBSON DOS SANTOS FRANÃA,5061
4455,DEPUTADO FEDERAL,MAURICIO LOPES DOS SANTOS,9403
4456,DEPUTADO FEDERAL,OTAVIO SANTOS SILVA LEITE,31085
4458,DEPUTADO FEDERAL,NEILTON VIRGILIO DE SOUZA JUNIOR,22285
4460,DEPUTADO FEDERAL,NILTON ALVES DE FARIA,4919
4465,DEPUTADO FEDERAL,ELDERSON FERREIRA DA SILVA,2147
4467,DEPUTADO FEDERAL,CARLA DA SILVA DA CRUZ CASSIANO,976
4470,DEPUTADO FEDERAL,ALTAMIR SENNA OLIVEIRA JUNIOR,7875
4474,DEPUTADO FEDERAL,VIVIANE CARVALHO PETISCO PINHEIRO,1707
4475,DEPUTADO FEDERAL,CELIA CRISTINA DA SILVA,1981
4477,DEPUTADO FEDERAL,DANIELLE DYTZ DA CUNHA,75810
4478,DEPUTADO FEDERAL,GISELE SANTOS DO NASCIMENTO TEIXEIRA,19370
4480,DEPUTADO FEDERAL,FRANCISCO FLORIANO DE SOUSA SILVA,6651
4488,DEPUTADO FEDERAL,FELIPE LEONE BORNIER DE OLIVEIRA,3669
4490,DEPUTADO FEDERAL,FABIANO OLIVEIRA PEREIRA,4508
4493,DEPUTADO FEDERAL,ANTONIO DA LUZ FURTADO,34652
4498,DEPUTADO FEDERAL,RICARDO MARTINS DAVID,43219
4499,DEPUTADO FEDERAL,CLEBIO LOPES PEREIRA,36453
4500,DEPUTADO FEDERAL,MARIA EDUARDA MELLO RODRIGUES DE CARVALHO,316
4501,DEPUTADO FEDERAL,ADRIANO RODRIGUES DE SOUZA,1322
4502,DEPUTADO FEDERAL,EVANDRO DIVINO MACHADO,1247
4503,DEPUTADO FEDERAL,RONALDO FERREIRA SEQUEIRA,41
4505,DEPUTADO FEDERAL,CLÃUDIA MARTA XAVIER DOS SANTOS,308
4507,DEPUTADO FEDERAL,MILTON QUEIROZ DA PAIXAO,2650
4514,DEPUTADO FEDERAL,NILCIMAR DE FREITAS VIEIRA,1324
4517,DEPUTADO FEDERAL,JOSÃ ALBERTO DA SILVA MOURA,7217
4518,DEPUTADO FEDERAL,MÃNICA BRASIL HENRIQUES AGUIAR,21
4522,DEPUTADO FEDERAL,JORGE HENRIQUES PIRES PAES,24089
4525,DEPUTADO FEDERAL,FROILAN MOREIRA DE MORAES,102
4526,DEPUTADO FEDERAL,LAURINDA JULIA GOMES,89
4527,DEPUTADO FEDERAL,MARCELO MOSQUEIRA TAVEIROS,450
4544,DEPUTADO FEDERAL,DRAULO VALENTE GOMES,2876
4545,DEPUTADO FEDERAL,JORGE ALBERTO FELIPE CURY,5506
4546,DEPUTADO FEDERAL,JOSÃ ÃNIX GOMES DA SILVA,455
4553,DEPUTADO FEDERAL,ELIANE PEREIRA DE SOUZA,294
4554,DEPUTADO FEDERAL,DANIELA DALILA IBARRA MAIA DE ANDRADE MACIEL,21913
4555,DEPUTADO FEDERAL,CRISTIANE DOS SANTOS BATISTA FERNANDES,2025
4567,DEPUTADO FEDERAL,ÃSIS CRISTINA RIBEIRO SILVA,402
4569,DEPUTADO FEDERAL,GESIEL DE OLIVEIRA LESSA,2019
4571,DEPUTADO FEDERAL,ALAN MANHAES DO NASCIMENTO,135
4577,DEPUTADO FEDERAL,FELICIANO JOSE DOS SANTOS RODRIGUES,148
4593,DEPUTADO FEDERAL,LIGYDO FERREIRA VAZ NETO,60
4598,DEPUTADO FEDERAL,JOSÃ SILVA DE SOUZA,407
5000,DEPUTADO FEDERAL,TARCÃSIO MOTTA DE CARVALHO,159928
5002,DEPUTADO FEDERAL,LUCIANA ARAÃJO DA SILVA PEREIRA,201
5004,DEPUTADO FEDERAL,ROBERTA CAROLINA DE BARCELOS,362
5005,DEPUTADO FEDERAL,NATALIA SOARES RIBEIRO,13530
5007,DEPUTADO FEDERAL,DAVID GOMES LOBO DOS SANTOS,5759
5010,DEPUTADO FEDERAL,THAIS DE SOUZA FERREIRA,17523
5012,DEPUTADO FEDERAL,MÃXIMO HELENO RODRIGUES LUSTOSA DA COSTA,1555
5013,DEPUTADO FEDERAL,JULIANA DA SILVA DRUMOND,4181
5020,DEPUTADO FEDERAL,MIRIANA BARBOSA AMARAL,213
5021,DEPUTADO FEDERAL,ADILSON THEODORO DA CUNHA,291
5022,DEPUTADO FEDERAL,WILLIAM CARLOS BRUM BISPO,15294
5023,DEPUTADO FEDERAL,ANDREA DE ARAÃJO CASSA,1756
5025,DEPUTADO FEDERAL,GILBERTO DE SOUZA VANDERLEI,554
5027,DEPUTADO FEDERAL,REGINA LUCIA DA SILVA FONTE,546
5029,DEPUTADO FEDERAL,FABIANO DE SOUZA VIEIRA,933
5030,DEPUTADO FEDERAL,JOEL LUIZ DOS SANTOS,305
5033,DEPUTADO FEDERAL,HENRIQUE DOS SANTOS VIEIRA LIMA,53933
5042,DEPUTADO FEDERAL,ANDRÃ MAGALHÃES BARROS,9785
5050,DEPUTADO FEDERAL,FRANCISCO RODRIGUES DE ALENCAR FILHO,115023
5051,DEPUTADO FEDERAL,JOÃO BATISTA OLIVEIRA DE ARAÃJO,827
5055,DEPUTADO FEDERAL,DENILSON PRATA DA SILVA,1423
5057,DEPUTADO FEDERAL,IVANETE CONCEIÃÃO DA SILVA,3046
5060,DEPUTADO FEDERAL,ELIEL BEZERRA DE LIMA JUNIOR,497
5071,DEPUTADO FEDERAL,ALEX CAMPANHAO DA SILVA,310
5077,DEPUTADO FEDERAL,TALÃRIA PETRONE SOARES,198548
5080,DEPUTADO FEDERAL,GLAUBER DE MEDEIROS BRAGA,78048
5088,DEPUTADO FEDERAL,MARCO ANTONIO MONTEIRO COUTINHO,1123
5089,DEPUTADO FEDERAL,FÃBIO BARAÃNA DOS SANTOS,237
5100,DEPUTADO FEDERAL,RAQUEL GOMES DA SILVA DOS SANTOS,1265
5101,DEPUTADO FEDERAL,ANA CLAUDIA PORTO PAES,691
5102,DEPUTADO FEDERAL,DEBORAH FARAH,557
5103,DEPUTADO FEDERAL,ALEXANDRE DE OLIVEIRA BRAGA,276
5105,DEPUTADO FEDERAL,ERIVELTO COSTA FIGUEIREDO,2635
5106,DEPUTADO FEDERAL,ROLAN DE MELO NASCIMENTO,557
5107,DEPUTADO FEDERAL,JORGE LEANDRO MIEIRO SARQUIS DA HORA,721
5108,DEPUTADO FEDERAL,MARIZETE KUHN,47
5110,DEPUTADO FEDERAL,RICARDO BARBIERI,1265
5111,DEPUTADO FEDERAL,VANESSA BASONI PACHECO,1853
5112,DEPUTADO FEDERAL,JEAN FABIO PASSOS DOS ANJOS,1420
5116,DEPUTADO FEDERAL,JOZIEL FERREIRA CARLOS,10040
5118,DEPUTADO FEDERAL,RONALDO CARTAXO TEIXEIRA,495
5120,DEPUTADO FEDERAL,PAULO CEZAR VIEIRA DE ALMEIDA FILHO,4490
5121,DEPUTADO FEDERAL,ERCILIA MARIA SILVEIRA,164
5122,DEPUTADO FEDERAL,JOSÃ BONIFÃCIO BEZERRA JUNIOR,4414
5123,DEPUTADO FEDERAL,HUGO PEREIRA DO CANTO JUNIOR,16670
5125,DEPUTADO FEDERAL,PATRICIA LADEIRA MOREIRA,246
5127,DEPUTADO FEDERAL,MARCELO HENRIQUE FERNANDES DE OLIVEIRA,135
5128,DEPUTADO FEDERAL,WELDERSON SIDNEY DA SILVA TEIXEIRA,5540
5131,DEPUTADO FEDERAL,LUCIA HELENA OLIVEIRA,463
5132,DEPUTADO FEDERAL,CATIA REGINA BATISTA DO NASCIMENTO,369
5133,DEPUTADO FEDERAL,CHRISTIANE BATISTA NERI,7328
5136,DEPUTADO FEDERAL,FLÃVIO JULIO NUNES PAIM,1079
5140,DEPUTADO FEDERAL,CARLOS ALBERTO LOPES DE MAGALHÃES,2582
5144,DEPUTADO FEDERAL,CARLOS ANTONIO RIBEIRO PEREIRA,372
5148,DEPUTADO FEDERAL,ANTONIO JOSÃ DE LIMA MESQUITA,216
5150,DEPUTADO FEDERAL,ALEXANDRE RODRIGUES METELLO,792
5151,DEPUTADO FEDERAL,CRISTOVÃO DOS SANTOS MOREIRA,4226
5152,DEPUTADO FEDERAL,MAX COSME BRANDÃO DE SOUZA,901
5155,DEPUTADO FEDERAL,MARIA GORETTI PINHEIRO MAIA GRIN PAULA,791
5156,DEPUTADO FEDERAL,CARLOS ALBERTO DE MACEDO,1108
5159,DEPUTADO FEDERAL,PAULO ANDERSON LIMA E SILVA,2041
5160,DEPUTADO FEDERAL,MARIO LUCIO DE SOUZA AGUIAR,615
5161,DEPUTADO FEDERAL,PAULO ANTONIO DA SILVA,936
5165,DEPUTADO FEDERAL,CLAUDIA SIMONE DOS SANTOS,257
5167,DEPUTADO FEDERAL,ROBSON LUIZ SANTANA VIEIRA,314
5169,DEPUTADO FEDERAL,ELISÃNGELA DA COSTA SILVA,4997
5170,DEPUTADO FEDERAL,JOSÃ GUILHERME DE MORAES NETO,790
5175,DEPUTADO FEDERAL,LÃDIA SACRAMENTO COSTA,482
5177,DEPUTADO FEDERAL,MARCELO DOS SANTOS LEMOS,279
5178,DEPUTADO FEDERAL,JAIR DA SILVA ROCHA,4360
5180,DEPUTADO FEDERAL,ALMIR OLIVEIRA MOURA,192
5183,DEPUTADO FEDERAL,GILMAR CARNEIRO DOS SANTOS,2344
5189,DEPUTADO FEDERAL,CLÃVIS JOSÃ DOS PASSOS FILHO,2097
5198,DEPUTADO FEDERAL,EVERALDO ANSELMO DE ARAUJO,187
5199,DEPUTADO FEDERAL,ALZEMIRA DE LIMA MARINS,284
5500,DEPUTADO FEDERAL,WILSON SILVA BESERRA,5780
5501,DEPUTADO FEDERAL,MARCELO CALERO FARIA GARCIA,47394
5502,DEPUTADO FEDERAL,MARIA ISABEL DA SILVA ROSA COSTA,787
5503,DEPUTADO FEDERAL,SONIA DE ARSOLINO,818
5505,DEPUTADO FEDERAL,EBER SILVA,9701
5507,DEPUTADO FEDERAL,ÃTILA ALEXANDRE NUNES PEREIRA,19853
5508,DEPUTADO FEDERAL,FERNANDA DE MELLO GUIMARÃES LEAL DE OLIVEIRA,2264
5510,DEPUTADO FEDERAL,HUGO LEAL MELO DA SILVA,50067
5511,DEPUTADO FEDERAL,JONES BARBOSA DE MOURA,32073
5512,DEPUTADO FEDERAL,FELIPE DOS SANTOS PEIXOTO,12852
5513,DEPUTADO FEDERAL,GILSON MARQUES FERREIRA SILVEIRA,2491
5515,DEPUTADO FEDERAL,ROBERTO DA SILVA SALES,2959
5516,DEPUTADO FEDERAL,CRISTIANE PEREIRA DE SOUZA,570
5517,DEPUTADO FEDERAL,ROBSON OLIVEIRA CONSTANTINO,14623
5520,DEPUTADO FEDERAL,RENATA MAGALHÃES TURQUES ARAÃJO,3022
5521,DEPUTADO FEDERAL,RENAN FERREIRINHA CARNEIRO,40540
5522,DEPUTADO FEDERAL,JOSÃ AUGUSTO NALIN,18109
5523,DEPUTADO FEDERAL,MARIANGÃLICA DA COSTA HERDY,541
5525,DEPUTADO FEDERAL,ANDRÃ LUIZ LEITE DOS SANTOS,2971
5527,DEPUTADO FEDERAL,FABIO DE OLIVEIRA COSTA,602
5530,DEPUTADO FEDERAL,CLAUDIA DE MELO LOVAIN,735
5533,DEPUTADO FEDERAL,ZAQUEU DA SILVA TEIXEIRA,8012
5537,DEPUTADO FEDERAL,KAREN VALLADARES DE FARIAS,1030
5541,DEPUTADO FEDERAL,JORGE HENRIQUE DA COSTA NUNES,1873
5544,DEPUTADO FEDERAL,ACHILLES ALMEIDA BARRETO NETO,22619
5545,DEPUTADO FEDERAL,ANDREIA ALMEIDA ZITO DOS SANTOS,8831
5550,DEPUTADO FEDERAL,SERGIO ALBERTO SOARES,3891
5551,DEPUTADO FEDERAL,ANA KARLA GUIMARÃES LUCAS,9950
5553,DEPUTADO FEDERAL,FRANCISCO SIEMSEN BULHÃES CARVALHO DA FONSECA,8867
5554,DEPUTADO FEDERAL,JOÃO JACQUES SOARES BUSNELLO,774
5555,DEPUTADO FEDERAL,PEDRO PAULO CARVALHO TEIXEIRA,76828
5556,DEPUTADO FEDERAL,MARIA DE FATIMA PEREIRA DE OLIVEIRA,6785
5559,DEPUTADO FEDERAL,PEDRO ROGERIO DUTRA DO VALLE,8327
5564,DEPUTADO FEDERAL,RACHID ELMOR,1839
5565,DEPUTADO FEDERAL,HILDEBRANDO GONÃALVES RODRIGUES,3558
5566,DEPUTADO FEDERAL,MARIA LAURA MONTEZA DE SOUZA CARNEIRO,48073
5567,DEPUTADO FEDERAL,SADINOEL OLIVEIRA GOMES SOUZA,6988
5569,DEPUTADO FEDERAL,PAULO CÃSAR DA GUIA ALMEIDA,2167
5570,DEPUTADO FEDERAL,TAYNÃ SENA SANTOS LIMA,2777
5575,DEPUTADO FEDERAL,LUCIANE DOS SANTOS RUFINO,990
5577,DEPUTADO FEDERAL,JOSÃ ROBERTO GAMA DE OLIVEIRA,25018
5580,DEPUTADO FEDERAL,ALEXANDRE EDUARDO DE OLIVEIRA,5879
5588,DEPUTADO FEDERAL,DANIEL RICARDO SORANZ PINTO,98784
5589,DEPUTADO FEDERAL,CAIO SANTOS VIANNA,36785
5593,DEPUTADO FEDERAL,LAURO CÃSAR BOTTO MAIA,2985
5597,DEPUTADO FEDERAL,VIVIAN ALENCAR DOS SANTOS FERREIRA,806
5599,DEPUTADO FEDERAL,WANDERLEY ALVES DE OLIVEIRA,24793
6500,DEPUTADO FEDERAL,FRANCISCO DE ASSIS FREITAS,913
6556,DEPUTADO FEDERAL,REJANE DE ALMEIDA,38322
6565,DEPUTADO FEDERAL,JANDIRA FEGHALI,84054
7000,DEPUTADO FEDERAL,SULAMITA DO CARMO DA SILVA,20401
7001,DEPUTADO FEDERAL,RODRIGO SOBROSA MEZZOMO,1096
7004,DEPUTADO FEDERAL,MARIA DA GLORIA DE SOUZA DE SOUZA,216
7006,DEPUTADO FEDERAL,LUCAS RODRIGUES MYRA TEIXEIRA,830
7007,DEPUTADO FEDERAL,SERGIO RICARDO DE OLIVEIRA CAPINAN,1236
7009,DEPUTADO FEDERAL,ANA PAULA COUTINHO JORGE,425
7010,DEPUTADO FEDERAL,GUSTAVO SILVA FERREIRA,717
7011,DEPUTADO FEDERAL,DERCILEI FRANÃA LEONARDO,1335
7012,DEPUTADO FEDERAL,MARCOS ABRAHÃO FILHO,12214
7013,DEPUTADO FEDERAL,IGOR CRESPO MARCOS,3728
7014,DEPUTADO FEDERAL,RICARDO ACIOLI SANTANA DOS SANTOS,232
7015,DEPUTADO FEDERAL,RONNY ERMIRIO SODRE GOUVEIA,783
7016,DEPUTADO FEDERAL,CLEMELSON JORGE DA SILVA,1744
7017,DEPUTADO FEDERAL,ALAN DOS SANTOS MARTINS,1191
7020,DEPUTADO FEDERAL,WILIANS BITTENCOURT VALENTE,381
7021,DEPUTADO FEDERAL,JORDANE CABRAL DA SILVA,1077
7022,DEPUTADO FEDERAL,GION CARLOS FLOR SILVA,2314
7023,DEPUTADO FEDERAL,MARTA SCAVUZZI DE ALENCAR IELMINI,112
7025,DEPUTADO FEDERAL,GERUSA SANTOS DA SILVA,1043
7027,DEPUTADO FEDERAL,WERNER BENITES SARAIVA DA FONSECA,1254
7028,DEPUTADO FEDERAL,MARCIO LOPES DIAS,417
7030,DEPUTADO FEDERAL,JOSÃ BERNARDO DE OLIVIERA,312
7033,DEPUTADO FEDERAL,MAICY MONTEIRO DO AMARAL,1331
7034,DEPUTADO FEDERAL,MICHELE MEDEIROS DE MOURA MELANDRE,396
7037,DEPUTADO FEDERAL,MARIZA BARBOSA ROGRIGUES,612
7040,DEPUTADO FEDERAL,JOÃO DINIZ DE ALMEIDA PORTO,15986
7044,DEPUTADO FEDERAL,ELIZANGELA SILVA DO NASCIMENTO,806
7045,DEPUTADO FEDERAL,NEREIDE FERREIRA PEDREGAL,8593
7050,DEPUTADO FEDERAL,VERA RAMOS DA SILVA,805
7051,DEPUTADO FEDERAL,ANDRÃA LUCIA LÃFGREN,252
7055,DEPUTADO FEDERAL,VINICIUS DE FREITAS DOS SANTOS,1609
7060,DEPUTADO FEDERAL,CRISTIANA CARVALHO MOTA,237
7064,DEPUTADO FEDERAL,IRACEMA BRAZ TULSEN,155
7066,DEPUTADO FEDERAL,CAIO FELIPE DA SILVA REIS MACHADO,741
7070,DEPUTADO FEDERAL,RODRIGO MOREIRA LAEBER,6059
7071,DEPUTADO FEDERAL,JOSEF ALEXANDRE GERSTEL,268
7072,DEPUTADO FEDERAL,DENIS DE SOUSA MOURA,4340
7074,DEPUTADO FEDERAL,ROSENI DE AZEVEDO CAMILO,319
7076,DEPUTADO FEDERAL,EMERSON ALBERTO FERREIRA,492
7077,DEPUTADO FEDERAL,GLEISON DE SOUZA TRINDADE,2140
7080,DEPUTADO FEDERAL,JUSCELINO CRUZ DE ARAUJO,761
7081,DEPUTADO FEDERAL,GUILHERME MENEZES DA SILVA,747
7085,DEPUTADO FEDERAL,WAGNER GAMA BAPTISTA,542
7088,DEPUTADO FEDERAL,THIAGO VASCONCELOS LEITE PINHEIRO,4141
7090,DEPUTADO FEDERAL,ROSANE CORREA DOS SANTOS,621
7097,DEPUTADO FEDERAL,PAULO THIAGO FONSECA DE ARAUJO RIBEIRO,2437
7099,DEPUTADO FEDERAL,FLAVIO FERNANDO PRADO,28365
7700,DEPUTADO FEDERAL,SANDRO MATOS PEREIRA,11517
7702,DEPUTADO FEDERAL,MARCUS VINICIUS SANTOS DA SILVA,4736
7703,DEPUTADO FEDERAL,SUELEN CRISTINA DOS SANTOS,387
7704,DEPUTADO FEDERAL,MARILYN WERNER,807
7705,DEPUTADO FEDERAL,LUANA VIEIRA DA SILVA,197
7707,DEPUTADO FEDERAL,HELDER LUIZ IVO DOS SANTOS,1282
7710,DEPUTADO FEDERAL,ALEXANDRINA LOPES DE ALMEIDA FALCAO,1860
7712,DEPUTADO FEDERAL,THIAGO SANDERSON SANTOS DA CUNHA,968
7714,DEPUTADO FEDERAL,JOSÃ CARLOS PORTO NETO,5199
7715,DEPUTADO FEDERAL,CARLOS ALBERTO DE OLIVEIRA RODRIGUES,1676
7716,DEPUTADO FEDERAL,TIAGO NUNES DA CUNHA FILHO,208
7720,DEPUTADO FEDERAL,NATÃLIA LOPES QUINQUINO DE LIMA,1206
7721,DEPUTADO FEDERAL,HAROLDO PEÃANHA NEIVA,298
7722,DEPUTADO FEDERAL,THIMOTEO CAVALCANTI ALBUQUERQUE DE SÃ,7362
7723,DEPUTADO FEDERAL,MARCELO SAMUEL BARBOSA DA SILVA,3187
7725,DEPUTADO FEDERAL,ALEXANDRE MARQUES CORDEIRO,3483
7727,DEPUTADO FEDERAL,ALEXANDRE DOS SANTOS SALGADO,712
7729,DEPUTADO FEDERAL,GILBERTO SANTOS PEREIRA,120
7730,DEPUTADO FEDERAL,CARLOS EDUARDO DO NASCIMENTO SOARES,6845
7731,DEPUTADO FEDERAL,MYRIAN MARIA DE SOUZA ROCHA,125
7733,DEPUTADO FEDERAL,AUREO LIDIO MOREIRA RIBEIRO,103321
7737,DEPUTADO FEDERAL,EDIMARCIA GONÃALVES DA SILVA,143
7744,DEPUTADO FEDERAL,FERNANDA GUACIRA ARAÃJO CAMPISTA,1996
7745,DEPUTADO FEDERAL,MARCOS NATALINO SOUZA DE LIMA,1547
7747,DEPUTADO FEDERAL,LUCIANA DE OLIVEIRA GOMES,152
7749,DEPUTADO FEDERAL,CLÃUDIA AUGUSTA DOS SANTOS DE ALMEIDA,343
7750,DEPUTADO FEDERAL,WASHINGTON LUIZ PINTO MACHADO,878
7751,DEPUTADO FEDERAL,CRISTIANO JOSÃ RODRIGUES DE SOUZA,8500
7752,DEPUTADO FEDERAL,ERIVELTO CÃMARA DE LUNA,1614
7753,DEPUTADO FEDERAL,MARCELO LUIZ SANTIAGO,560
7755,DEPUTADO FEDERAL,LEANDRO DE AZEVEDO,16766
7757,DEPUTADO FEDERAL,MARCOS FERREIRA DOS SANTOS JARON,431
7762,DEPUTADO FEDERAL,ERIVELTON DE SOUZA PEREIRA,402
7766,DEPUTADO FEDERAL,RAFAEL QUERIDO SOARES,832
7767,DEPUTADO FEDERAL,KELY MARIA LOUZADA MACHADO SILVA,880
7770,DEPUTADO FEDERAL,WALMER JORGE MACHADO,1101
7772,DEPUTADO FEDERAL,ANATIELY MATTOS DE OLIVEIRA BARBOSA,1210
7777,DEPUTADO FEDERAL,MARCELO DE SOUZA LESSA,3865
7778,DEPUTADO FEDERAL,SERGIO LEITE DOS SANTOS,260
7780,DEPUTADO FEDERAL,ERICA CRISTINA SANTANA NUNES,1676
7781,DEPUTADO FEDERAL,GEORGE MANGE BEZERRA,3560
7787,DEPUTADO FEDERAL,ALEXANDRE RODRIGO XAVIER BERRETA,2478
7788,DEPUTADO FEDERAL,CRISTIANO GAMA DE ALMEIDA,5054
7789,DEPUTADO FEDERAL,CARLOS ANTONIO OLIVEIRA DE AQUINO,432
7790,DEPUTADO FEDERAL,EDUARDO FRANCELINO DA SILVA NETO,2438
7792,DEPUTADO FEDERAL,PRISCILA COSTA WAGNER,301
7799,DEPUTADO FEDERAL,ROSANGELA VIEIRA DA SILVA,1039
9000,DEPUTADO FEDERAL,SERGIO DA COSTA ARAUJO,2696
9001,DEPUTADO FEDERAL,SERGIO AMÃNCIO DE SOUZA PORTO,9131
9002,DEPUTADO FEDERAL,MALU MOREIRA ALCANTARA,1541
9004,DEPUTADO FEDERAL,CASSIO AVELAR,31
9005,DEPUTADO FEDERAL,IVANI BARRETO DE ALMEIDA CRAVO,77
9007,DEPUTADO FEDERAL,JOEL NATALINO SANTANA,2184
9009,DEPUTADO FEDERAL,NELSON DA COSTA DURÃO,661
9010,DEPUTADO FEDERAL,MARCUS VINICIUS DE ALMEIDA BRAGA,11452
9011,DEPUTADO FEDERAL,GEORGE WILLIAM LEANDRO BARBOSA,1072
9012,DEPUTADO FEDERAL,MARCIO JOSÃ MATOS PONCIO DE SOUZA,33367
9013,DEPUTADO FEDERAL,WALLACE DE ALMEIDA DOS SANTOS,4701
9015,DEPUTADO FEDERAL,PAULO AUGUSTO AFFONSO LEONE,420
9017,DEPUTADO FEDERAL,DAVID DE OLIVEIRA ANTUNES,252
9018,DEPUTADO FEDERAL,MONICA RIBEIRO FRANÃA DOS SANTOS,27
9020,DEPUTADO FEDERAL,JOSÃ EDSON VIEIRA DA SILVA,1344
9021,DEPUTADO FEDERAL,LENIR MORAIS FERREIRA,3627
9022,DEPUTADO FEDERAL,GLAUBER MEDEIROS POUBEL,35716
9025,DEPUTADO FEDERAL,JANA CARLA CARDOSO,542
9030,DEPUTADO FEDERAL,JORGE DE SOUZA,111
9033,DEPUTADO FEDERAL,ANDREA GUIMARÃES TAVARES ROCHA,183
9039,DEPUTADO FEDERAL,PAULO SERGIO DA SILVA NEVES,133
9044,DEPUTADO FEDERAL,LUIS CLAUDIO DE OLIVEIRA MAIA,855
9049,DEPUTADO FEDERAL,CLAUDIA DA SILVA,57
9050,DEPUTADO FEDERAL,MARIO SERGIO CARDOSO SILVA,967
9051,DEPUTADO FEDERAL,CARLOS ROBERTO DOS SANTOS,689
9055,DEPUTADO FEDERAL,PEDRO LUIS BARBOSA SALLES,1663
9056,DEPUTADO FEDERAL,JOAO ELIAS DOS SANTOS,1178
9060,DEPUTADO FEDERAL,MÃRCIA RODRIGUES WALLIER,489
9066,DEPUTADO FEDERAL,CAROLINA MARIA CARDOSO CALDEIRA DE LACERDA,305
9070,DEPUTADO FEDERAL,SHIRLENE PEREIRA MENDES DE JESUS,227
9075,DEPUTADO FEDERAL,CÃLIA MARIA DIAS PEREIRA,92
9080,DEPUTADO FEDERAL,ARI JORGE MESQUITA DE SOUZA,518
9081,DEPUTADO FEDERAL,GUSTAVO HENRIQUE SOUZA AGUIAR,2753
9088,DEPUTADO FEDERAL,VITORIA DA SILVA ALMEIDA,117
9089,DEPUTADO FEDERAL,SULLIVAN NETTO PACHECO,1744
9090,DEPUTADO FEDERAL,MAX RODRIGUES LEMOS,89507
9091,DEPUTADO FEDERAL,MARCELO MARQUES PESSOA,766
9092,DEPUTADO FEDERAL,JOSÃ ANTONIO MARQUES CAVALCANTI DE SÃ,4230
9093,DEPUTADO FEDERAL,THIAGO GOMES DO AMARAL,17
9095,DEPUTADO FEDERAL,ADEMIR DA COSTA PANCOTE,599
9097,DEPUTADO FEDERAL,ALAINE CONCEIÃÃO DE OLIVEIRA,312
9098,DEPUTADO FEDERAL,MAURICIO VIEIRA MAIA,167
9099,DEPUTADO FEDERAL,JORGE ESTEVES,28881
